รหัสวิชา,ชื่อวิชา,หน่วยกิจ
01200101-56,"Innovative Thinking 
การคิดเชิงนวัตกรรม",1(1-0-2)
01204111-56,"Computers and Programming 
คอมพิวเตอร์และการโปรแกรม",3(2-3-6)
01999011-56,"Food for Mankind 
อาหารเพื่อมนุษยชาติ",3(3-0-6)
01999012-56,"Health for Life 
สุขภาพเพื่อชีวิต",3(3-0-6)
01999213-56,"Environment, Technology and Life 
สิ่งแวดล้อม เทคโนโลยีและชีวิต",3(3-0-6)
01999021-56,"Thai Language for Communication 
ภาษาไทยเพื่อการสื่อสาร",3(3-0-6)
01355111-56,"Foundation English I 
ภาษาอังกฤษ 1 (ไม่นับหน่วยกิต)",-
01355112-56,"Foundation English II 
ภาษาอังกฤษพื้นฐาน II",3(3-0-6)
01355113-56,"Foundation English III 
ภาษาอังกฤษพื้นฐาน III",3(3-0-6)
01355xxx-56,กลุ่มวิชาภาษาอังกฤษ,3(3-0-6)
01999041-56,"Economics for Better Living 
เศรษฐศาสตร์เพื่อการดำเนินชีวิตที่ดี",3(3-0-6)
01999141-56,"Man and Society 
มนุษย์กับสังคม",3(3-0-6)
01999031-56,"The Heritage of World Civilizations 
มรดกอารยธรรมโลก",3(3-0-6)
01999032-56,"Thai Studies 
ไทยศึกษา",3(3-0-6)
01999033-56,"Arts of Living 
ศิลปะการดำเนินชีวิต",3(3-0-6)
01175xxx-56,กิจกรรมพลศึกษา,1(0-2-1)
01208111-56,"Engineering Drawing 
การเขียนแบบวิศวกรรม",3(2-3-6)
01213211-56,"Materials Science for Engineers 
วัสดุศาสตร์สำหรับวิศวกร",3(3-0-6)
01403114-56,"Laboratory in Fundamental of General Chemistry 
ปฏิบัติการหลักมูลเคมีทั่วไป",1(0-3-2)
01403117-56,"Fundamental of General Chemistry 
หลักมูลเคมีทั่วไป",3(3-0-6)
01417167-56,"Engineering Mathematics I 
คณิตศาสตร์วิศวกรรม I",3(3-0-6)
01417168-56,"Engineering Mathematics II 
คณิตศาสตร์วิศวกรรม II",3(3-0-6)
01417267-56,"Engineering Mathematics III 
คณิตศาสตร์วิศวกรรม III",3(3-0-6)
01420111-56,"General Physics I 
ฟิสิกส์ทั่วไป I",3(3-0-6)
01420112-56,"General Physics II 
ฟิสิกส์ทั่วไป II",3(3-0-6)
01420113-56,"Laboratory in Physics I 
ปฏิบัติการฟิสิกส์ I",1(0-3-2)
01420114-56,"Laboratory in Physics II 
ปฏิบัติการฟิสิกส์ทั่ว II",1(0-3-2)
01203211-56,"Surveying 
การสำรวจ",3(2-3-6)
01203212-56,"Survey Camp 
การฝึกงานสำรวจ",1
01203221-56,"Mechanics of Materials I 
กลศาสตร์ของวัสดุ I",3(3-0-6)
01203222-56,"Structural Analysis I 
การวิเคราะห์โครงสร้าง I",3(3-0-6)
01203223-56,"Mechanics of Materials II 
กลศาสตร์ของวัสดุ III",3(3-0-6)
01203224-56,"Applied Mathematics for Civil Engineering 
คณิตศาสตร์ประยุกต์สำหรับวิศวกรรมโยธา",3(3-0-6)
01203231-56,"Concrete and Engineering Materials 
คอนกรีตและวัสดุวิศวกรรม",3(2-3-6)
01203251-56,"Engineering Geology 
ธรณีวิทยาทางวิศวกรรม",3(3-0-6)
01203322-56,"Civil Engineering Materials Testing Laboratory 
ปฏิบัติการทดสอบวัสดุวิศวกรรมโยธา",1(0-3-2)
01203323-56,"Structural Analysis II 
การวิเคราะห์โครงสร้าง II",3(3-0-6)
01203331-56,"Reinforced Concrete Design 
การออกแบบคอนกรีตเสริมเหล็ก",4(3-3-8)
01203333-56,"Design of Timber and Steel Structures 
การออกแบบโครงสร้างไม้และเหล็ก",4(3-3-8)
01203352-56,"Soil Mechanics 
ปฐพีกลศาสตร์",3(3-0-6)
01203353-56,"Soil Mechanics Laboratory 
ปฏิบัติการปฐพีกลศาสตร์",1(0-3-2)
01203354-56,"Foundation Design 
การออกแบบฐานราก",3(3-0-6)
01203361-56,"Construction Engineering and Management 
วิศวกรรมก่อสร้างและการจัดการ",3(3-0-6)
01203371-56,"Transportation Engineering 
วิศวกรรมขนส่ง",3(3-0-6)
01203381-56,"Computer Applications in Civil Engineering 
การประยุกต์คอมพิวเตอร์ในงานวิศวกรรมโยธา",1(0-3-2)
01203399-56,"Internship 
การฝึกงาน",1
01203471-56,"Highway Engineering 
วิศวกรรมการทาง",3(3-0-6)
01203495-56,"Civil Engineering Project Preparation 
การเตรียมการโครงงานวิศวกรรมโยธา",1(0-3-2)
01203497-56,"Seminar 
สัมมนา",1
01203499-56,"Civil Engineering Project 
โครงงานวิศวกรรมโยธา",1(0-3-2)
01204112-56,"Information Technology for Engineers 
เทคโนโลยีสารสนเทศสำหรับวิศวกร",1(1-2-0)
01206221-56,"Applied Probability and Statistics for Engineers 
ความน่าจะเป็นและสถิตประยุกต์สำหรับวิศวกร",3(3-0-6)
01208221-56,"Engineering Mechanics I 
กลศาสตร์วิศวกรรม I",3(3-0-6)
01209211-56,"Fluid Mechanics 
กลศาสตร์ของของไหล",3(3-0-6)
01209242-56,"Hydrology for Civil Engineering 
อุทกวิทยาสำหรับวิศวกรรมโยธา",3(3-0-6)
01209312-56,"Fluid Mechanics Laboratory 
ปฏิบัติการกลศาสตร์ของของไหล",1(0-3-2)
01209423-56,"Hydraulic Engineering 
วิศวกรรมชลศาสตร์",3(3-0-6)
01203490-56,"Co-operative Education 
สหกิจศึกษา",6
01203496-56,"Selected Topics in Civil Engineering(Advanced concrete) 
เรื่องเฉพาะทางวิศวกรรมโยธา",45352
01203311-56,"Engineering Surveying Technology
เทคโนโลยีการสำรวจทางวิศวกรรม",3(2-3-6)
01203312-56,"Photogrammetry 
การสำรวจด้วยภาพถ่าย",3(2-3-6)
01203411-56,"Aerial Photography Interpretation 
การแปลภาพถ่ายทางอากาศ",3(2-3-6)
01203415-56,"Remote Sensing for Engineers 
การสำรวจข้อมูลระยะไกลสำหรับวิศวกร",3(2-3-6)
01203416-56,"Geographic Information Systems for Engineers 
ระบบสารสนเทศภูมิศาสตร์สำหรับวิศวกร",3(2-3-6)
01203417-56,"Satellite Surveying for Engineers 
การสำรวจด้วยดาวเทียมสำหรับวิศวกร",3(2-3-6)
01203421-56,"Computer Applications in Structural Engineering 
การประยุกต์คอมพิวเตอร์ในงานวิศวกรรมโครงสร้าง",3(2-3-6)
01203422-56,"Structural Damage and Rehabilitation 
ความเสียหายของโครงสร้างและการฟื้นฟูสภาพ",3(3-0-6)
01203431-56,"Prestressed Concrete Design 
การออกแบบคอนกรีตอัดแรง",3(3-0-6)
01203432-56,"Bridge Structural Design 
การออกแบบโครงสร้างสะพาน",3(3-0-6)
01203433-56,"Building Structural Design 
การออกแบบโครงสร้างอาคาร",3(2-3-6)
01203434-56,"Structural Steel Technology 
เทคโนโลยีของเหล็กโครงสร้างง",3(3-0-6)
01203451-56,"Analysis and Design of Earth Structures 
การวิเคราะห์และออกแบบโครงสร้างดิน",3(3-0-6)
01203452-56,"Engineering Soil Exploration 
การสำรวจดินทางวิศวกรรม",3(2-3-6)
01203453-56,"Principles of Geomechanics 
หลักการธรณีกลศาสตร์",3(3-0-6)
01203454-56,"Computer Applications in Geotechnical Engineering 
การประยุกต์คอมพิวเตอร์ในงานวิศวกรรมปฐพี",3(2-3-6)
01203455-56,"Principles of Rock Mechanics and Tunneling 
หลักการกลศาสตร์ของหินและงานอุโมงค์",3(2-3-6)
01203456-56,"Geo-environmental Engineering 
วิศวกรรมปฐพีสิ่งแวดล้อม",3(3-0-6)
01203461-56,"Construction Equipment 
เครื่องมือในงานก่อสร้าง",3(3-0-6)
01203462-56,"Contract, Specification and Construction Estimation 
สัญญา ข้อกำหนดและการประมาณการก่อสร้าง",3(3-0-6)
01203463-56,"Sustainable Construction 
การก่อสร้างอย่างยั่งยืน",3(3-0-6)
01203464-56,"Materials and Methods of Construction 
วัสดุและวิธีการก่อสร้าง",3(3-0-6)
01203465-56,"Computer Applications in Construction 
การประยุกต์คอมพิวเตอร์ในงานก่อสร้าง",3(2-3-6)
01203466-56,"Construction Project Analysis 
การวิเคราะห์โครงการก่อสร้าง",3(3-0-6)
01203467-56,"Supervision and Inspection in Construction 
การควบคุมและตรวจสอบงานก่อสร้าง",3(3-0-6)
01203472-56,"Highway Materials 
วัสดุการทาง",3(2-3-6)
01203473-56,"Traffic Engineering 
วิศวกรรมจราจร",3(3-0-6)
01203474-56,"Urban Transportation Planning 
การวางแผนการขนส่งเขตเมือง",3(3-0-6)
01203475-56,"Urban Mass Transportation Planning 
การวางแผนการขนส่งมวลชนเขตเมือง",3(3-0-6)
01203476-56,"Airport Planning and Design 
การวางแผนและการออกแบบสนามบิน",3(3-0-6)
01203477-56,"Pavement Structures 
โครงสร้างพื้นผิวทาง",3(3-0-6)
01203478-56,"Traffic Design and Operations 
การออกแบบและการดำเนินงานการจราจร",3(2-3-6)
01203479-56,"Computer applications in transport engineering 
การประยุกต์คอมพิวเตอร์ในงานวิศวกรรมขนส่ง",3(3-0-6)
01203481-56,"Sanitary Engineering and Water Supply 
วิศวกรรมสุขภิบาลและการประปา",3(3-0-6)
01204111-60,"Computers and Programming 
คอมพิวเตอร์และการโปรแกรม",3(2-3-6)
01208111-60,"Engineering Drawing 
การเขียนแบบวิศวกรรม",3(2-3-6)
01208221-60,"Engineering Mechanics I 
กลศาสตร์วิศวกรรม I",3(3-0-6)
01213211-60,"Materials Science for Engineers 
วัสดุศาสตร์สำหรับวิศวกร",3(3-0-6)
01203211-60,"Surveying 
การสำรวจ",3(2-3-6)
01203212-60,"Survey Camp 
การฝึกงานสำรวจ",1
01203221-60,"Mechanics of Materials I 
กลศาสตร์ของวัสดุ I",3(3-0-6)
01203222-60,"Structural Analysis I 
การวิเคราะห์โครงสร้าง I",3(3-0-6)
01203223-60,"Mechanics of Materials II 
กลศาสตร์ของวัสดุ II",3(3-0-6)
01203224-60,"Applied Mathematics for Civil Engineering 
คณิตศาสตร์ประยุกต์สำหรับวิศวกรรมโยธา",3(3-0-6)
01203231-60,"Concrete and Engineering Materials 
คอนกรีตและวัสดุวิศวกรรม",3(2-3-6)
01203251-60,"Engineering Geology 
ธรณีวิทยาทางวิศวกรรม",3(3-0-6)
01203322-60,"Civil Engineering Materials Testing Laboratory 
ปฏิบัติการทดสอบวัสดุวิศวกรรมโยธา",1(0-3-2)
01203323-60,"Structural Analysis II 
การวิเคราะห์โครงสร้าง III",3(3-0-6)
01203331-60,"Reinforced Concrete Design 
การออกแบบคอนกรีตเสริมเหล็ก",4(3-3-8)
01203333-60,"Design of Timber and Steel Structures 
การออกแบบโครงสร้างไม้และเหล็ก",4(3-3-8)
01203352-60,"Soil Mechanics 
ปฐพีกลศาสตร์",3(3-0-6)
01203353-60,"Soil Mechanics Laboratory
ปฏิบัติการปฐพีกลศาสตร์",1(0-3-2)
01203354-60,"Foundation Design 
การออกแบบฐานราก",3(3-0-6)
01203361-60,"Construction Engineering and Management 
วิศวกรรมก่อสร้างและการจัดการ",3(3-0-6)
01203371-60,"Transportation Engineering 
วิศวกรรมขนส่ง",3(3-0-6)
01203381-60,"Computer Applications in Civil Engineering 
การประยุกต์คอมพิวเตอร์ในงานวิศวกรรมโยธา",1(0-3-2)
01203399-60,"Internship 
การฝึกงาน",1
01203471-60,"Highway Engineering 
วิศวกรรมการทาง",3(3-0-6)
01203495-60,"Civil Engineering Project Preparation 
การเตรียมการโครงงานวิศวกรรมโยธา",1(0-3-2)
01203497-60,"Seminar 
สัมมนา",1
01203499-60,"Civil Engineering Project 
โครงงานวิศวกรรมโยธา",1(0-3-2)
01204112-60,"Information Technology for Engineers 
เทคโนโลยีสารสนเทศสำหรับวิศวกร",1(1-2-0)
01209211-60,"Fluid Mechanics 
กลศาสตร์ของของไหล",3(3-0-6)
01209312-60,"Laboratory for Fluid Mechanics 
ปฏิบัติการสำหรับวิชากลศาสตร์ของของไหล",1(0-3-2)
01209242-60,"Hydrology for Civil Engineering 
อุทกวิทยาสำหรับวิศวกรรมโยธา",2(2-0-4)
01209423-60,"Hydraulic Engineering 
วิศวกรรมชลศาสตร์",3(3-0-6)
01203311-60,"Engineering Surveying Technology 
เทคโนโลยีการสำรวจทางวิศวกรรม",3(2-3-6)
01203312-60,"Photogrammetry 
การสำรวจด้วยภาพถ่าย",3(2-3-6)
01203411-60,"Aerial Photography Interpretation 
การแปลภาพถ่ายทางอากาศ",3(2-3-6)
01203415-60,"Remote Sensing for Engineers 
การสำรวจข้อมูลระยะไกลสำหรับวิศวกร",3(2-3-6)
01203416-60,"Geographic Information Systems for Engineers 
ระบบสารสนเทศภูมิศาสตร์สำหรับวิศวกร",3(2-3-6)
01203417-60,"Satellite Surveying for Engineers 
การสำรวจด้วยดาวเทียมสำหรับวิศวกร",3(2-3-6)
01203490-60,"Co-operative Education 
สหกิจศึกษา",6
01203496-60,"Selected Topics in Civil Engineering 
เรื่องเฉพาะทางวิศวกรรมโยธา",45352
01203421-60,"Computer Applications in Structural Engineering 
การประยุกต์คอมพิวเตอร์ในงานวิศวกรรมโครงสร้าง",3(2-3-6)
01203422-60,"Structural Damage and Rehabilitation 
ความเสียหายของโครงสร้างและการฟื้นฟูสภาพ",3(3-0-6)
01203431-60,"Prestressed Concrete Design 
การออกแบบคอนกรีตอัดแรง",3(3-0-6)
01203432-60,"Bridge Structural Design 
การออกแบบโครงสร้างสะพาน",3(3-0-6)
01203433-60,"Building Structural Design 
การออกแบบโครงสร้างอาคาร",3(2-3-6)
01203434-60,"Structural Steel Technology 
เทคโนโลยีของเหล็กโครงสร้าง",3(3-0-6)
01203451-60,"Analysis and Design of Earth Structures 
การวิเคราะห์และออกแบบโครงสร้างดิน",3(3-0-6)
01203452-60,"Engineering Soil Exploration 
การสำรวจดินทางวิศวกรรม",3(2-3-6)
01203453-60,"Principles of Geomechanics 
หลักการธรณีกลศาสตร์",3(3-0-6)
01203454-60,"Computer Applications in Geotechnical Engineering 
การประยุกต์คอมพิวเตอร์ในงานวิศวกรรมปฐพี",3(2-3-6)
01203455-60,"Principles of Rock Mechanics and Tunneling 
หลักการกลศาสตร์ของหินและงานอุโมงค์",3(2-3-6)
01203456-60,"Geo-environmental Engineering 
วิศวกรรมปฐพีสิ่งแวดล้อม",3(3-0-6)
01203461-60,"Construction Equipment 
เครื่องมือในงานก่อสร้าง",3(3-0-6)
01203462-60,"Contract, Specification and Construction Estimation 
สัญญา ข้อกำหนดและการประมาณการก่อสร้าง",3(3-0-6)
01203463-60,"Sustainable Construction 
การก่อสร้างอย่างยั่งยืน",3(3-0-6)
01203464-60,"Materials and Methods of Construction 
วัสดุและวิธีการก่อสร้าง",3(3-0-6)
01203465-60,"Computer Applications in Construction 
การประยุกต์คอมพิวเตอร์ในงานก่อสร้าง",3(2-3-6)
01203466-60,"Construction Project Analysis 
การวิเคราะห์โครงการก่อสร้าง",3(3-0-6)
01203467-60,"Supervision and Inspection in Construction 
การควบคุมและตรวจสอบงานก่อสร้าง",3(3-0-6)
01203470-60,"Freight Transportation Planning and Logistics 
การวางแผนการขนส่งสินค้าและโลจิสติกส์",3(3-0-6)
01203472-60,"Highway Materials 
วัสดุการทาง",3(2-3-6)
01203473-60,"Traffic Engineering 
วิศวกรรมจราจร",3(3-0-6)
01203474-60,"Urban Transportation Planning 
การวางแผนการขนส่งเขตเมือง",3(3-0-6)
01203475-60,"Urban Mass Transportation Planning 
การวางแผนการขนส่งมวลชนเขตเมือง",3(3-0-6)
01203476-60,"Airport Planning and Design 
การวางแผนและการออกแบบสนามบิน",3(3-0-6)
01203477-60,"Pavement Structures 
โครงสร้างพื้นผิวทาง",3(3-0-6)
01203478-60,"Traffic Design and Operations 
การออกแบบและการดำเนินงานการจราจร",3(2-3-6)
01203479-60,"Computer applications in transport engineering 
การประยุกต์คอมพิวเตอร์ในงานวิศวกรรมขนส่ง",3(3-0-6)
01200434-60,"Rail Infrastructure 
โครงสร้างพื้นฐานระบบราง",3(3-0-6)
01200435-60,"Rail System Operation and Maintenance 
การปฏิบัติการและการซ่อมบำรุงระบบราง",3(3-0-6)
01203481-60,"Sanitary Engineering and Water Supply 
วิศวกรรมสุขภิบาลและการประปา",3(3-0-6)
03600014-65,"Creative Problem Solving and Critical Thinking Skills 
การแก้ปัญหาเชิงสร้างสรรค์และทักษะการคิดเชิงวิพากษ์",3(3-0-6)
03600013-65,"Essential Computer Tools and Skills 
เครื่องมือและทักษะทางคอมพิวเตอร์ที่จำเป็น",1(0-3-2)
01204111-65,"Computers and Programming 
คอมพิวเตอร์และการโปรแกรม",3(2-3-6)
01208111-65,"Engineering Drawing 
การเขียนแบบวิศวกรรม",3(2-3-6)
01208221-65,"Engineering Mechanics I 
กลศาสตร์วิศวกรรม I",3(3-0-6)
01213211-65,"Materials Science for Engineers
วัสดุศาสตร์สำหรับวิศวกร",3(3-0-6)
01203111-65,"Applied Statistics for Civil Engineering 
สถิติประยุกต์สำหรับวิศวกรรมโยธา",2(2-0-4)
01203211-65,"Surveying 
การสำรวจ",3(2-3-6)
01203212-65,"Survey Camp 
การฝึกงานสำรวจ",1
01203221-65,"Mechanics of Materials I 
กลศาสตร์ของวัสดุ I",3(3-0-6)
01203222-65,"Structural Analysis I 
การวิเคราะห์โครงสร้าง I",3(3-0-6)
01203223-65,"Mechanics of Materials II 
กลศาสตร์ของวัสดุ II",3(3-0-6)
01203224-65,"Applied Mathematics for Civil Engineering 
คณิตศาสตร์ประยุกต์สำหรับวิศวกรรมโยธา",3(3-0-6)
01203231-65,"Concrete and Engineering Materials 
คอนกรีตและวัสดุวิศวกรรม",3(2-3-6)
01203251-65,"Engineering Geology 
ธรณีวิทยาทางวิศวกรรม",3(3-0-6)
01203322-65,"Civil Engineering Materials Testing Laboratory 
ปฏิบัติการทดสอบวัสดุวิศวกรรมโยธา",1(0-3-2)
01203323-65,"Structural Analysis II 
การวิเคราะห์โครงสร้าง III",3(3-0-6)
01203331-65,"Reinforced Concrete Design 
การออกแบบคอนกรีตเสริมเหล็ก",4(3-3-8)
01203333-65,"Design of Timber and Steel Structures 
การออกแบบโครงสร้างไม้และเหล็ก",4(3-3-8)
01203352-65,"Soil Mechanics 
ปฐพีกลศาสตร์",3(3-0-6)
01203353-65,"Soil Mechanics Laboratory
ปฏิบัติการปฐพีกลศาสตร์",1(0-3-2)
01203354-65,"Foundation Design 
การออกแบบฐานราก",3(3-0-6)
01203361-65,"Construction Engineering and Management 
วิศวกรรมก่อสร้างและการจัดการ",3(3-0-6)
01203371-65,"Transportation Engineering 
วิศวกรรมขนส่ง",3(3-0-6)
01203381-65,"Computer Applications in Civil Engineering 
การประยุกต์คอมพิวเตอร์ในงานวิศวกรรมโยธา",1(0-3-2)
01203399-65,"Internship 
การฝึกงาน",1
01203471-65,"Highway Engineering 
วิศวกรรมการทาง",3(3-0-6)
01203472-65,"Smart Cities 
เมืองอัจฉริยะ",3(3-0-6)
01203495-65,"Civil Engineering Project Preparation 
การเตรียมการโครงงานวิศวกรรมโยธา",1(0-3-2)
01203497-65,"Seminar 
สัมมนา",1
01203499-65,"Civil Engineering Project 
โครงงานวิศวกรรมโยธา",1(0-3-2)
01209211-65,"Fluid Mechanics 
กลศาสตร์ของของไหล",3(3-0-6)
01209312-65,"Laboratory for Fluid Mechanics 
ปฏิบัติการสำหรับวิชากลศาสตร์ของของไหล",1(0-3-2)
01209242-65,"Hydrology for Civil Engineering 
อุทกวิทยาสำหรับวิศวกรรมโยธา",2(2-0-4)
01209423-65,"Hydraulic Engineering 
วิศวกรรมชลศาสตร์",3(3-0-6)
01203311-65,"Engineering Surveying Technology 
เทคโนโลยีการสำรวจทางวิศวกรรม",3(2-3-6)
01203312-65,"Photogrammetry 
การสำรวจด้วยภาพถ่าย",3(2-3-6)
01203411-65,"Aerial Photography Interpretation 
การแปลภาพถ่ายทางอากาศ",3(2-3-6)
01203415-65,"Remote Sensing for Engineers 
การสำรวจข้อมูลระยะไกลสำหรับวิศวกร",3(2-3-6)
01203416-65,"Geographic Information Systems for Engineers 
ระบบสารสนเทศภูมิศาสตร์สำหรับวิศวกร",3(2-3-6)
01203417-65,"Satellite Surveying for Engineers 
การสำรวจด้วยดาวเทียมสำหรับวิศวกร",3(2-3-6)
01203421-65,"Computer Applications in Structural Engineering 
การประยุกต์คอมพิวเตอร์ในงานวิศวกรรมโครงสร้าง",3(2-3-6)
01203422-65,"Structural Damage and Rehabilitation 
ความเสียหายของโครงสร้างและการฟื้นฟูสภาพ",3(3-0-6)
01203431-65,"Prestressed Concrete Design 
การออกแบบคอนกรีตอัดแรง",3(3-0-6)
01203432-65,"Bridge Structural Design 
การออกแบบโครงสร้างสะพาน",3(3-0-6)
01203433-65,"Building Structural Design 
การออกแบบโครงสร้างอาคาร",3(2-3-6)
01203434-65,"Structural Steel Technology 
เทคโนโลยีของเหล็กโครงสร้าง",3(3-0-6)
01203451-65,"Analysis and Design of Earth Structures 
การวิเคราะห์และออกแบบโครงสร้างดิน",3(3-0-6)
01203452-65,"Engineering Soil Exploration 
การสำรวจดินทางวิศวกรรม",3(2-3-6)
01203453-65,"Principles of Geomechanics 
หลักการธรณีกลศาสตร์",3(3-0-6)
01203454-65,"Computer Applications in Geotechnical Engineering 
การประยุกต์คอมพิวเตอร์ในงานวิศวกรรมปฐพี",3(2-3-6)
01203455-65,"Principles of Rock Mechanics and Tunneling 
หลักการกลศาสตร์ของหินและงานอุโมงค์",3(2-3-6)
01203456-65,"Geo-environmental Engineering 
วิศวกรรมปฐพีสิ่งแวดล้อม",3(3-0-6)
01203461-65,"Construction Equipment 
เครื่องมือในงานก่อสร้าง",3(3-0-6)
01203462-65,"Contract, Specification and Construction Estimation 
สัญญา ข้อกำหนดและการประมาณการก่อสร้าง",3(3-0-6)
01203463-65,"Sustainable Construction 
การก่อสร้างอย่างยั่งยืน",3(3-0-6)
01203464-65,"Materials and Methods of Construction 
วัสดุและวิธีการก่อสร้าง",3(3-0-6)
01203465-65,"Computer Applications in Construction 
การประยุกต์คอมพิวเตอร์ในงานก่อสร้าง",3(2-3-6)
01203466-65,"Construction Project Analysis 
การวิเคราะห์โครงการก่อสร้าง",3(3-0-6)
01203467-65,"Supervision and Inspection in Construction 
การควบคุมและตรวจสอบงานก่อสร้าง",3(3-0-6)
01203470-65,"Freight Transportation Planning and Logistics
การวางแผนการขนส่งสินค้าและโลจิสติกส์",3(3-0-6)
01203473-65,"Traffic Engineering 
วิศวกรรมจราจร",3(3-0-6)
01203474-65,"Urban Transportation Planning 
การวางแผนการขนส่งเขตเมือง",3(3-0-6)
01203475-65,"Urban Mass Transportation Planning 
การวางแผนการขนส่งมวลชนเขตเมือง",3(3-0-6)
01203476-65,"Airport Planning and Design 
การวางแผนและการออกแบบสนามบิน",3(3-0-6)
01203477-65,"Pavement Structures 
โครงสร้างพื้นผิวทาง",3(3-0-6)
01203478-65,"Traffic Design and Operation 
การออกแบบและการดำเนินงานการจราจร",3(2-3-6)
01203479-65,"Computer Applications in Transport Engineering 
การประยุกต์คอมพิวเตอร์ในงานวิศวกรรมขนส่ง",3(3-0-6)
01203481-65,"Sanitary Engineering and Water Supply 
วิศวกรรมสุขภิบาลและการประปา",3(3-0-6)
01203490-65,"Co-operative 
สหกิจศึกษา",6
01203496-65,"Selected Topics in Civil Engineering 
เรื่องเฉพาะทางวิศวกรรมโยธา",45352
01200434-65,"Rail Infrastructure 
โครงสร้างพื้นฐานระบบราง",3(3-0-6)
01200435-65,"Rail System Operation and Maintenance 
การปฏิบัติการและการซ่อมบำรุงระบบราง",3(3-0-6)
03606421-65,"Advanced Concrete Technology 
เทคโนโลยีคอนกรีตขั้นสูง",3(3-0-6)
03606461-65,"Applications of Building Information Modeling in Construction 
การประยุกต์แบบจำลองสารสนเทศอาคารในงานก่อสร้าง",3(2-3-6)
03606481-65,"Coastal Engineering 
วิศวกรรมชายฝั่งทะเล",3(3-0-6)
01355111-55,"Foundation English I
ภาษาอังกฤษ 1 (ไม่นับหน่วยกิต)",3(3-0-6)
01355112-55,"Foundation English II
ภาษาอังกฤษ 2",3(3-0-6)
01355113-55,"Foundation English III
ภาษาอังกฤษ 3",3(3-0-6)
01175xxx-55,"กิจกรรมพลศึกษา
กิจกรรมพลศึกษา",1(0-2-1)
03603111-55,"Programming Fundamentals I
หลักการโปรแกรมเบื้องต้น I",3(2-3-6)
03603352-55,"Laws and Ethics in Information Technology
กฎหมายและจริยธรรมทางเทคโนโลยีสารสนเทศ",3(3-0-6)
03603225-55,"Web Technology Laboratory
ปฏิบัติการเทคโนโลยีเว็บ",1(0-3-2)
03603251-55,"Database Systems
ระบบฐานข้อมูล",3(3-0-6)
03603252-55,"Database Systems Laboratory
ปฏิบัติการระบบฐานข้อมูล",1(0-3-2)
03603112-55,"Programming Fundamentals II
หลักการโปรแกรมเบื้องต้น II",3(2-3-6)
03603212-55,"Abstract Data Types and Problem Solving
แบบชนิดข้อมูลนามธรรมและการแก้ปัญหา",3(3-0-6)
03603213-55,"Algorithm Design and Analysis
การออกแบบและวิเคราะห์ขั้นตอนวิธี",3(3-0-6)
03603214-55,"Programming Skills Development Laboratory
ปฏิบัติการพัฒนาทักษะการโปรแกรม",1(0-3-2)
03603341-55,"Software Engineering
วิศวกรรมซอฟต์แวร์",4(3-3-8)
03603211-55,"Discrete Mathematics
คณิตศาสตร์เต็มหน่วย",3(3-0-6)
03603312-55,"Probability and Random Processes for Computer Engineers
ความน่าจะเป็นและกระบวนการสุ่มสำหรับวิศวกรคอมพิวเตอร์",3(3-0-6)
03603325-55,"Data Communications
การสื่อสารข้อมูล",3(3-0-6)
03603332-55,"Operating Systems
ระบบปฏิบัติการ",3(3-0-6)
03603371-55,"Digital Signal Processing for Computer Engineers
การประมวลผลสัญญาณดิจิทัลสำหรับวิศวกรคอมพิวเตอร์",3(3-0-6)
03603421-55,"Computer Networks
เครือข่ายคอมพิวเตอร์",3(3-0-6)
03601203-55,"Electronics for Computer Engineers
อิเล็กทรอนิกส์สำหรับวิศวกรคอมพิวเตอร์",3(3-0-6)
03601303-55,"Electronics Laboratory for Computer Engineers
ปฏิบัติการอิเล็กทรอนิกส์สำหรับวิศวกรคอมพิวเตอร์",1(0-3-2)
03603221-55,"Digital Systems Design
การออกแบบระบบดิจิทัล",3(3-0-6)
03603222-55,"Logic Circuit Laboratory
ปฏิบัติการวงจรตรรก",1(0-3-2)
03603223-55,"Computer Architecture and Organization
สถาปัตยกรรมและการจัดระบบคอมพิวเตอร์",3(3-0-6)
03603321-55,"Microcontroller and Microprocessor System Design
การออกแบบระบบไมโครคอนโทรลเลอร์และระบบไมโครโปรเซสเซอร์",3(3-0-6)
03603322-55,"Computer System Laboratory
ปฏิบัติการระบบคอมพิวเตอร์",1(0-3-2)
03603495-55,"Computer Engineering and Informatics Project Preparation
การเตรียมโครงงานวิศวกรรมคอมพิวเตอร์และสารสนเทศศาสตร์",1(0-3-2)
03603497-55,"Seminar
สัมมนา",1
03603499-55,"Computer Engineering and Informatics Project
โครงงานวิศวกรรมคอมพิวเตอร์และสารสนเทศศาสตร์",2(0-6-3)
03603323-55,"Embedded Systems
ระบบฝังตัว",3(3-0-6)
03603351-55,"Introduction to Data Science
วิทยาศาสตร์ข้อมูลเบื้องต้น",3(3-0-6)
03603372-55,"Digital Image Processing
การประมวลผลภาพดิจิทัล",3(3-0-6)
03603423-55,"Network Programming
การโปรแกรมเครือข่าย",3(3-0-6)
03603424-55,"Computer Networks Laboratory I
ปฏิบัติการเครือข่ายคอมพิวเตอร์ I",1(0-3-2)
03603425-55,"Computer Networks Laboratory II
ปฏิบัติการเครือข่ายคอมพิวเตอร์ II",1(0-3-2)
03603426-55,"Computer Security
ความปลอดภัยในระบบคอมพิวเตอร์",3(3-0-6)
03603427-55,"Mobile Computing
ระบบคอมพิวเตอร์เคลื่อนที่",3(3-0-6)
03603428-55,"Internet of Things
อินเทอร์เน็ตของสรรพสิ่ง",3(3-0-6)
03603432-55,"Programming Language Concepts
มโนทัศน์ภาษาโปรแกรม",3(3-0-6)
03603451-55,"Information Technology Management
การจัดการเทคโนโลยีสารสนเทศ",3(3-0-6)
03603461-55,"Artificial Intelligence
ปัญญาประดิษฐ์",3(3-0-6)
03603463-55,"Biologically-Inspired Computational Intelligence
ปัญญาเชิงคำนวณโดยเลียนแบบวิธีการทางชีวภาพ",3(3-0-6)
03603471-55,"Microcomputer Interfacing
การเชื่อมต่อกับไมโครคอมพิวเตอร์",3(3-0-6)
03603481-55,"Computer Graphics
คอมพิวเตอร์กราฟิกส์",3(3-0-6)
03603484-55,"Computer Game Development
การพัฒนาเกมคอมพิวเตอร์",3(3-0-6)
03603485-55,"Digital Audio and Computer Music
เสียงดิจิทัลและดนตรีคอมพิวเตอร์",3(3-0-6)
03603422-55,"Wireless and Mobile Networks
เครือข่ายไร้สายและเคลื่อนที่",3(3-0-6)
03603411-55,"Functional Programming
การโปรแกรมเชิงฟังชั่น",3(3-0-6)
03603441-55,"Object-Oriented Analysis and Design
การวิเคราะห์และออกแบบเชิงวัตถุ",3(3-0-6)
03603482-55,"User Experience Design
การออกแบบประสบการณ์ของผู้ใช้",3(3-0-6)
03603464-55,"Computer Vision
คอมพิวเตอร์วิทัศน์",3(3-0-6)
03603496-55,"Selected Topics in Computer Engineering and Informatics
เรื่องเฉพาะทางวิศวกรรมคอมพิวเตอร์และสารสนเทศศาสตร์",45294
03603498-55,"Special Problems
ปัญหาพิเศษ",45294
03601204-60,"Electric Circuit Analysis for Computer Engineers
การวิเคราะห์วงจรไฟฟ้าสำหรับวิศวกรคอมพิวเตอร์",3(3-0-6)
03601205-60,"Electric Circuit Laboratory for Computer Engineers
ปฏิบัติการวงจรไฟฟ้าสำหรับวิศวกรคอมพิวเตอร์",1(0-3-2)
03603111-60,"Programming Fundamentals I
หลักการโปรแกรมเบื้องต้น l",3(2-3-6)
03603112-60,"Programming Fundamentals II
หลักการโปรแกรมเบื้องต้น II",3(2-3-6)
03603171-60,"Introduction to Computer Engineering and Informatics
วิศวกรรมคอมพิวเตอร์และสารสนเทศศาสตร์เบื้องต้น",3(3-0-6)
03603352-60,"Laws and Ethics in Information Technology
กฏหมายและจริยธรรทางเทคโนโลยีสารสนเทศ",3(3-0-6)
03603251-60,"Database Systems
ระบบฐานข้อมูล",3(3-0-6)
03603252-60,"Database Systems Laboratory
ปฏิบัติการระบบฐานข้อมูล",1(0-3-2)
03603212-60,"Abstract Data Types and Problem Solving
แบบชนิดข้อมูลนามธรรมและการแก้ปัญหา",3(3-0-6)
03603213-60,"Algorithm Design and Analysis
การออกแบบและวิเคราะห์ขั้นตอนวิธี",3(3-0-6)
03603214-60,"Programming Skills Development Laboratory
ปฏิบัติการพัฒนาทักษะการโปรแกรม",1(0-3-2)
03603341-60,"Software Engineering
วิศวกรรมซอฟต์แวร์",4(3-3-8)
03603211-60,"Discrete Mathematics
วิยุตคณิต",3(3-0-6)
03603312-60,"Probability and Statistics for Informatics
ความน่าจะเป็นและสถิติสำหรับสารสนเทศศาสตร์",3(3-0-6)
03603325-60,"Data Communications and Computer Networks
การสื่อสารข้อมูลและเครือข่ายคอมพิวเตอร์",3(3-0-6)
03603332-60,"Operating Systems
ระบบปฏิบัติการ",3(3-0-6)
03601203-60,"Electronics for Computer Engineers
อิเล็กทรอนิกส์สำหรับวิศวกรคอมพิวเตอร์",3(3-0-6)
03601303-60,"Electronics Laboratory for Computer Engineers
ปฏิบัติการอิเล็กทรอนิกส์สำหรับวิศวกรคอมพิวเตอร์",1(0-3-2)
03603221-60,"Digital Systems Design
การออกแบบระบบดิจิทัล",3(3-0-6)
03603222-60,"Logic Circuit Laboratory
ปฏิบัติการวงจรตรรก",1(0-3-2)
03603223-60,"Computer Architecture and Organization
สถาปัตยกรรมและการจัดระบบคอมพิวเตอร์",3(3-0-6)
03603323-60,"Introduction to Embedded Systems
ระบบฝังตัวเบื้องต้น",3(3-0-6)
03603324-60,"Embedded Systems Laboratory
ปฏิบัติการระบบฝังตัว",1(0-3-2)
03603299-60,"Exploratory Project in Computing
โครงงานเชิงสำรวจทางวิชาการคอมพิวเตอร์",1(0-3-2)
03603497-60,"Seminar
สัมมนา",1
03603421-60,"Internetworking with TCP/IP
การเชื่อมต่อเครือข่ายด้วยที่ซีพี/ไอพี",3(3-0-6)
03603422-60,"Wireless and Mobile Networks
เครือข่ายไร้สายและเคลื่อนที่",3(3-0-6)
03603423-60,"Network Programming
การโปรแกรมเครือข่าย",3(3-0-6)
03603424-60,"Computer Networks Laboratory I
ปฏิบัติการเครือข่ายคอมพิวเตอร์ I",1(0-3-2)
03603425-60,"Computer Networks Laboratory II
ปฏิบัติการเครือข่ายคอมพิวเตอร์ II",1(0-3-2)
03603426-60,"Computer Security
ความปลอดภัยในระบบคอมพิวเตอร์",3(3-0-6)
03603427-60,"Mobile Computing
ระบบคอมพิวเตอร์เคลื่อนที่",3(3-0-6)
03603428-60,"Internet of Things
อินเทอร์เน็ตของสรรพสิ่ง",3(3-0-6)
03603411-60,"Functional Programming
การโปรแกรมเชิงฟังชั่น",3(3-0-6)
03603435-60,"Cloud Computing
การคำนวณแบบกลุ่มเมฆ",3(3-0-6)
03603436-60,"Web Application Development
การพัฒนาโปรแกรมประยุกต์บนเว็บ",3(3-0-6)
03603437-60,"Mobile Application Development
การพัฒนาโปรแกรมประยุกต์เคลื่อนที่",3(3-0-6)
03603441-60,"Object-Oriented Analysis and Design
การวิเคราะห์และออกแบบเชิงวัตถุ",3(3-0-6)
03603482-60,"User Experience Design
การออกแบบประสบการณ์ของผู้ใช้",3(3-0-6)
03603484-60,"Computer Game Development
การพัฒนาเกมคอมพิวเตอร์",3(3-0-6)
01204213-60,"Theory of Computaiton
ทฤษฏีการคำนวณ",3(3-0-6)
03603351-60,"Introduction to Data Science
วิทยาศาสตร์ข้อมูลเบื้องต้น",3(3-0-6)
03603452-60,"Data Mining
การทำเหมืองข้อมูล",3(3-0-6)
03603461-60,"Artificial Intelligence
ปัญญาประดิษฐ์",3(3-0-6)
03603462-60,"Statistical Learning
การเรียนรู้เชิงสถิติ",3(3-0-6)
03603463-60,"Biologically-Inspired Computational Intelligence
ปัญญาเชิงคำนวณโดยเลียนแบบวิธีการทางชีวภาพ",3(3-0-6)
03603371-60,"Digital Signal Processing for Computer Engineers
การประมวลผลสัญญาณดิจิทัลสำหรับวิศวกรคอมพิวเตอร์",3(3-0-6)
03603372-60,"Digital Image Processing
การประมวลผลภาพดิจิทัล",3(3-0-6)
03603464-60,"Computer Vision
คอมพิวเตอร์วิทัศน์",3(3-0-6)
03603481-60,"Computer Graphics
เรขภาพคอมพิวเตอร์",3(3-0-6)
03603485-60,"Digital Audio and Computer Music
เสียงดิจิทัลและดนตรีคอมพิวเตอร์",3(3-0-6)
03603495-60,"Computer Engineering and Informatics Project Preparation
การเตรียมโครงงานวิศวกรรมคอมพิวเตอร์และสารสนเทศศาสตร์",1(0-3-2)
03603499-60,"Computer Engineering and Informatics Project
โครงงานวิศวกรรมคอมพิวเตอร์และสารสนเทศศาสตร์",2(0-6-3)
03603432-60,"Programming Language Concepts
มโนทัศน์ภาษาโปรแกรม",3(3-0-6)
03603451-60,"Information Technology Management
การจัดการเทคโนโลยีสารสนเทศ",3(3-0-6)
03603471-60,"Embedded Systems Interfacing
การเชื่อมต่อกับระบบฝังตัว",3(3-0-6)
03603496-60,"Selected Topics in Computer Engineering and Informatics
เรื่องเฉพาะทางวิศวกรรมคอมพิวเตอร์และสารสนเทศศาสตร์",1
03603498-60,"Special Problems
ปัญหาพิเศษ",1
03601204-65,"Electric Circuit Analysis for Computer Engineers
การวิเคราะห์วงจรไฟฟ้าสำหรับวิศวกรคอมพิวเตอร์",3(3-0-6)
03601205-65,"Electric Circuit Laboratory for Computer Engineers
ปฏิบัติการวงจรไฟฟ้าสำหรับวิศวกรคอมพิวเตอร์",1(0-3-2)
03603111-65,"Programming Fundamentals I
หลักการโปรแกรมเบื้องต้น l",3(2-3-6)
03603112-65,"Programming Fundamentals II
หลักการโปรแกรมเบื้องต้น II",3(2-3-6)
03603171-65,"Introduction to Computer Engineering and Informatics
วิศวกรรมคอมพิวเตอร์และสารสนเทศศาสตร์เบื้องต้น",3(3-0-6)
03603352-65,"Laws and Ethics in Information Technology
กฏหมายและจริยธรรทางเทคโนโลยีสารสนเทศ",3(3-0-6)
03603251-65,"Database Systems
ระบบฐานข้อมูล",3(3-0-6)
03603252-65,"Database Systems Laboratory
ปฏิบัติการระบบฐานข้อมูล",1(0-3-2)
03603212-65,"Abstract Data Types and Problem Solving
แบบชนิดข้อมูลนามธรรมและการแก้ปัญหา",3(3-0-6)
03603213-65,"Algorithm Design and Analysis
การออกแบบและวิเคราะห์ขั้นตอนวิธี",3(3-0-6)
03603214-65,"Programming Skills Development Laboratory
ปฏิบัติการพัฒนาทักษะการโปรแกรม",1(0-3-2)
03603241-65,"Application Development
การพัฒนาโปรแกรมประยุกต์",3(3-0-6)
03603341-65,"Software Engineering
วิศวกรรมซอฟต์แวร์",4(3-3-8)
03603342-65,"Combined Information Technology for Software Development Laboratory
ปฏิบัตการผสานเทคโนโลยีสารสนเทศเพื่อการพัฒนาซอฟต์แวร์",1(0-3-2)
03603211-65,"Discrete Mathematics
วิยุตคณิต",3(3-0-6)
03603312-65,"Probability and Statistics for Informatics
ความน่าจะเป็นและสถิติสำหรับสารสนเทศศาสตร์",3(3-0-6)
03603325-65,"Data Communications and Computer Networks
การสื่อสารข้อมูลและเครือข่ายคอมพิวเตอร์",3(3-0-6)
03603332-65,"Operating Systems
ระบบปฏิบัติการ",3(3-0-6)
03601203-65,"Electronics for Computer Engineers
อิเล็กทรอนิกส์สำหรับวิศวกรคอมพิวเตอร์",3(3-0-6)
03601303-65,"Electronics Laboratory for Computer Engineers
ปฏิบัติการอิเล็กทรอนิกส์สำหรับวิศวกรคอมพิวเตอร์",1(0-3-2)
03603221-65,"Digital Systems Design
การออกแบบระบบดิจิทัล",3(3-0-6)
03603222-65,"Logic Circuit Laboratory
ปฏิบัติการวงจรตรรก",1(0-3-2)
03603223-65,"Computer Architecture and Organization
สถาปัตยกรรมและการจัดระบบคอมพิวเตอร์",3(3-0-6)
03603323-65,"Introduction to Embedded Systems
ระบบฝังตัวเบื้องต้น",3(3-0-6)
03603324-65,"Embedded Systems Laboratory
ปฏิบัติการระบบฝังตัว",1(0-3-2)
03603497-65,"Seminar
สัมมนา",1
03603321-65,"Computer Networks Laboratory
ปฏิบัติการเครือข่ายคอมพิวเตอรื",3(1-6-6)
03603421-65,"Internetworking with TCP/IP
การเชื่อมต่อเครือข่ายด้วยที่ซีพี/ไอพี",3(3-0-6)
03603422-65,"Wireless and Mobile Networks
เครือข่ายไร้สายและเคลื่อนที่",3(3-0-6)
03603423-65,"Network Programming
การโปรแกรมเครือข่าย",3(3-0-6)
03603426-65,"Cyber Security
ความมั่นคงปลอดภัยไซเบอร์",3(3-0-6)
03603427-65,"Mobile Computing
ระบบคอมพิวเตอร์เคลื่อนที่",3(3-0-6)
03603428-65,"Internet of Things
อินเทอร์เน็ตของสรรพสิ่ง",3(3-0-6)
03603429-65,"Cryptography and Blockchain Technology
วิทยาการเข้ารหัสลับและเทคโนโลยีบบล็อกเชน",3(3-0-6)
03603411-65,"Functional Programming
การโปรแกรมเชิงฟังชั่น",3(3-0-6)
03603435-65,"Cloud Computing
การคำนวณแบบกลุ่มเมฆ",3(3-0-6)
03603436-65,"Web Application Development
การพัฒนาโปรแกรมประยุกต์บนเว็บ",3(3-0-6)
03603437-65,"Mobile Application Development
การพัฒนาโปรแกรมประยุกต์เคลื่อนที่",3(3-0-6)
03603482-65,"User Experience Design
การออกแบบประสบการณ์ของผู้ใช้",3(3-0-6)
03603484-65,"Computer Game Development
การพัฒนาเกมคอมพิวเตอร์",3(3-0-6)
03603441-65,"Software Testing
การทดสอบซอฟต์แวร์",3(3-0-6)
01204213-65,"Theory of Computaiton
ทฤษฏีการคำนวณ",3(3-0-6)
03603351-65,"Introduction to Data Science
วิทยาศาสตร์ข้อมูลเบื้องต้น",3(3-0-6)
03603452-65,"Mining Big Data
การทำเหมืองข้อมูลบิ๊กดาต้า",3(3-0-6)
03603461-65,"Artificial Intelligence
ปัญญาประดิษฐ์",3(3-0-6)
03603462-65,"Machine Learning
การเรียนรู้ของเครื่อง",3(3-0-6)
03603463-65,"Biologically-Inspired Computational Intelligence
ปัญญาเชิงคำนวณโดยเลียนแบบวิธีการทางชีวภาพ",3(3-0-6)
03603465-65,"Natural Language Processing
การประมวลผลภาษาธรรมชาติ",3(3-0-6)
03603381-65,"Digital Signal Processing for Computer Engineers
การประมวลผลสัญญาณดิจิทัลสำหรับวิศวกรคอมพิวเตอร์",3(3-0-6)
03603382-65,"Digital Image Processing
การประมวลผลภาพดิจิทัล",3(3-0-6)
03603383-65,"Digital Identification
การระบุตัวตนดิจิทัล",3(3-0-6)
03603464-65,"Computer Vision
คอมพิวเตอร์วิทัศน์",3(3-0-6)
03603481-65,"Computer Graphics
เรขภาพคอมพิวเตอร์",3(3-0-6)
03603485-65,"Digital Audio and Computer Music
เสียงดิจิทัลและดนตรีคอมพิวเตอร์",3(3-0-6)
03603371-65,"Application Development for Embedded Devices
การพัฒนาโปรแกรมประยุกต์บนอุปกรณ์ฝังตัว",3(3-0-6)
03603471-65,"Embedded Systems Interfacing
การเชื่อมต่อกับระบบฝังตัว",3(3-0-6)
03603472-65,"Industrial Automation and Control
ระบบอัตโนมัติและการควบคุมทางอุตสาหกรรม",3(3-0-6)
03603473-65,"Digital Circuit Design with VHDL
การออกแบบวงจรดิจิทัลด้วยวีเอชดีแอล",3(3-0-6)
03603474-65,"Real-Time Operating System
ระบบปฏิบัติการเวลาจริง",3(3-0-6)
03603475-65,"Sensors and Transducer
อุปกรณ์รับรู้และตัวแปรสัญญาณ",3(3-0-6)
03603476-65,"Embedded System Circuit Design
การออกแบบวงจรระบบสมองกลฝังตัว",3(3-0-6)
03603495-65,"Computer Engineering and Informatics Project Preparation
การเตรียมโครงงานวิศวกรรมคอมพิวเตอร์และสารสนเทศศาสตร์",1(0-3-2)
03603499-65,"Computer Engineering and Informatics Project
โครงงานวิศวกรรมคอมพิวเตอร์และสารสนเทศศาสตร์",2(0-6-3)
03603432-65,"Programming Language Concepts
มโนทัศน์ภาษาโปรแกรม",3(3-0-6)
03603451-65,"Information Technology Management
การจัดการเทคโนโลยีสารสนเทศ",3(3-0-6)
03603496-65,"Selected Topics in Computer Engineering and Informatics
เรื่องเฉพาะทางวิศวกรรมคอมพิวเตอร์และสารสนเทศศาสตร์",1
03603498-65,"Special Problems
ปัญหาพิเศษ",1
03600014-55,"Creative Problem Solving and Critical Thinking Skills 
การแก้ปัญหาเชิงสร้างสรรค์และทักษะการคิดเชิงวิพากษ์",3(3-0-6)
01999011-55,"Food for Mankind 
อาหารเพื่อมนุษย์ชาติ",3(3-0-6)
01999012-55,"Health for Life 
สุขภาพเพื่อชีวิต",3(3-0-6)
01999213-55,"Environment, Technology and Life 
สิ่งแวดล้อม เทคโนโลยีและชีวิต",3(3-0-6)
01355xxx-55,"English 
ภาษาอังกฤษ",9( - - )
01999041-55,"Economics for Better Living 
เศรษฐศาสตร์เพื่อการดำเนินชีวิตที่ดี",3(3-0-6)
01999141-55,"Man and Society 
มนุษย์กับสังคม",3(3-0-6)
01999031-55,"The Heritage of World Civilizations 
มรดกอารยธรรมโลก",3(3-0-6)
01999032-55,"Thai Studies 
ไทยศึกษา",3(3-0-6)
01999033-55,"Arts of Living 
ศิลปะการดำเนินชีวิต",3(3-0-6)
03601191-55,"Electrical Engineering Orientation 
แนะแนวทางวิศวกรรมไฟฟ้า",2(1-3-4)
03601211-55,"Electric Circuit Analysis I 
การวิเคราะห์วงจรไฟฟ้า I",3(3-0-6)
03601212-55,"Electric Circuit Analysis II 
การวิเคราะห์วงจรไฟฟ้า II",3(3-0-6)
03601213-55,"Electric Circuit Laboratory 
ปฏิบัติการวงจรไฟฟ้า",1(0-3-2)
03601214-55,"Applied Linear Algebra in Electrical Engineering 
พีชคณิตเชิงเส้นประยุกต์ทางวิศวกรรมไฟฟ้า",3(3-0-6)
03601215-55,"Applied Probability for Electrical Engineers 
ความน่าจะเป็นประยุกต์สำหรับวิศวกรไฟฟ้า",3(3-0-6)
03601231-55,"Electronic Circuits and Systems I 
วงจรและระบบอิเล็กทรอนิกส์ I",3(3-0-6)
03601232-55,"Digital Circuits and Logic Design 
การออกแบบวงจรดิจิทัลและตรรกะ",3(3-0-6)
03601251-55,"Electromechanical Energy Conversion I 
การแปลงผันพลังงานเครื่องกลไฟฟา I",3(3-0-6)
03601252-55,"Electromechanical Energy Conversion Laboratory I 
ปฏิบัติการการแปลงผันพลังงานเครื่องกลไฟฟา I",1(0-3-2)
03601281-55,"Computer Programming for Electrical Engineers 
การเขียนโปรแกรมคอมพิวเตอร์สำหรับวิศวกรไฟฟ้า",3(3-0-6)
03601311-55,"Signals and Systems 
สูญญาณและระบบ",3(3-0-6)
03601321-55,"Principles of Communications 
หลักการสิ่อสาร",3(3-0-6)
03601331-55,"Electronics Laboratory 
ปฏิบัติการอิเล็กทรอนิกส์",1(0-3-2)
03601332-55,"Microprocessors 
ไมโครโพรเซสเซอร์",3(3-0-6)
03601333-55,"Microprocessors Laboratory 
ปฏิบัติการไมโครโพรเซสเซอร์",1(0-3-2)
03601341-55,"Electromagnetic Fields and Waves I 
สนามแม่เหล็กไฟฟ้าและคลื่น I",3(3-0-6)
03601361-55,"Electrical Instruments and Measurements I 
เครื่องมือวัดและการวัดทางไฟฟ้า I",3(3-0-6)
03601362-55,"Linear Control Systems 
ระบบควบคุมเชิงเส้น",3(3-0-6)
03601495-55,"Electrical and Electronics Engineering Project I 
โครงงานวิศวกรรมไฟฟ้าและอิเล็กทรอนิกส์ I",1(0-3-2)
03601497-55,"Seminar 
สัมมนา",1
03601499-55,"Electrical and Electronics Engineering Project II 
โครงงานวิศวกรรมไฟฟ้าและอิเล็กทรอนิกส์ II",2(0-6-3)
03601314-55,"Digital Signal Processing 
การประมวลสัญญาณดิจิทัล",3(3-0-6)
03601315-55,"Digital Signal Processing Laboratory 
ปฏิบัติการประมวลสัญญาณดิจิทัล",1(0-3-2)
03601323-55,"Communication Laboratory 
ปฏิบัติการไฟฟ้าสื่สาร",1(0-3-2)
03601334-55,"Electronic Circuits and Systems II 
วงจรและระบบอิเล็กทรอนิกส์ II",3(3-0-6)
03601336-55,"Electronic Circuit Design 
การออกแบบวงจรอิเล็กทรอนิกส์",3(3-0-6)
03601351-55,"Electromechanical Energy Conversion II 
การแปลงผันพลังงานเครื่องกลไฟฟ้า II",3(3-0-6)
03601352-55,"Electromechanical Energy Conversion Laboratory II 
ปฏิบัติการการแปลงผันพลังงานเครื่องกลไฟฟ้า II",3(3-0-6)
03601353-55,"Power Systems in Buildings 
ระบบกำลังในอาคาร",3(3-0-6)
03601354-55,"Electric Power Systems Analysis I 
การวิเคราะห์ระบบไฟฟ้ากำลัง I",3(3-0-6)
03601355-55,"High-Voltage Engineering 
วิศวกรรมไฟฟ้าแรงสูง",3(3-0-6)
03601356-55,"Illumination Engineering 
วิศวกรรมการส่องสว่าง",3(3-0-6)
03601363-55,"Control and Measurement Laboratory 
ปฏิบัติการการควบคุมและการวัด",1(0-3-2)
03601364-55,"Industrial Automation Systems 
ระบบอัตโนมัติทางอุตสาหกรรม",3(3-0-6)
03601365-55,"Industrial Automation Systems Laboratory 
ปฏิบัติการระบบอัตโนมัติทางอุตสาหกรรม",1(0-3-2)
03601432-55,"Analog Integrated Circuit Application Designs 
การออกแบบประยุกต์วงจรรวมแอนะล็อก",3(3-0-6)
03601433-55,"Industrial Electronics 
อิเล็กทรอนิกส์อุตสาหกรรม",3(3-0-6)
03601451-55,"Basic Power System Reliability 
ความเชื่อถือได้เบื่องตนของระบบกำลัง",3(3-0-6)
03601452-55,"Electric Power Plants 
โรงจักรไฟฟ้ากำลัง",3(3-0-6)
03601453-55,"Electric Power Systems Analysis II 
การวิเคราะห์ระบบไฟฟ้ากำลัง II",3(3-0-6)
03601454-55,"Electric Power Systems Analysis Laboratory 
ปฏิบัติการการวิเคราะห์ระบบไฟฟ้า",1(0-3-2)
03601456-55,"Power System Protection 
การป้องกันระบบไฟฟ้ากำลัง",3(3-0-6)
03601457-55,"Electrical Systems and Signal Systems in Building 
ระบบไฟฟ้าและระบบสัญญาณในอาคาร",3(3-0-6)
03601458-55,"Electrical Power Generation, Transmission and Distribution 
การผลิต สูง และจำหน่ายกำลังไฟฟ้า",3(3-0-6)
03601461-55,"Process Control 
การควบคุมกระบวนการ",3(3-0-6)
03601462-55,"Industrial Sensors and Control Devices 
เซนเซอร์ทางอุตสาหกรรมและอุปกรณ์ควบคุม",3(3-0-6)
03601471-55,"Analysis and Applications of Electrical Machines 
การวิเคราะห์และประยุกต์เครื่องจักรไฟฟ้า",3(3-0-6)
03601472-55,"Electric Drives 
การขับเคลื่อนด้วยไฟฟ้า",3(3-0-6)
03601473-55,"Power Electronics 
อิเล็กทรอนิกส์กำลัง",3(3-0-6)
03601474-55,"Power Electronics Laboratory 
ปฏิบัติการอิเล็กทรอนิกส์กำลัง",1(0-3-2)
03601475-55,"Power Electronics for Energy Conservation 
อิเล็กทรอนิกส์กำลังสำหรับการอนุรักษ์พลังงาน",3(3-0-6)
03601476-55,"Distributed Generation Systems 
ระบบผลิตไฟฟ้าจำหน่าย",3(3-0-6)
03601477-55,"Renewable Energy 
พลังงานหมุนเวียน",3(3-0-6)
03601478-55,"Energy Conservation and Management 
การอนุรักษ์และการจัดการพลังงาน",3(3-0-6)
03601479-55,"Electric Vehicle Systems 
ระบบยานยนต์ไฟฟ้า",3(3-0-6)
03601482-55,"Thermal Sciences 
อุณหศาสตร์",3(3-0-6)
03601496-55,"Selected Topics in Electrical and Electronics Engineering 
เรื่องเฉพาะทางวิศวกรรมไฟฟ้าและอิเล็กทรอนิกส์",3(3-0-6)
03601498-55,"Special Problems 
ปัญหาพิเศษ",45352
01175xxx-60,กิจกรรมพลศึกษา,1(0-2-1)
xxxxxxxx-60,กลุ่มสาระอยู่ดีมีสุข,2
01355111-60,"Foundation English I 
ภาษาอังกฤษ I",-
01355112-60,"Foundation English II 
ภาษาอังกฤษพื้นฐาน II",3(3-0-6)
01355113-60,"Foundation English III 
ภาษาอังกฤษพื้นฐาน III",3(3-0-6)
01355xxx-60,กลุ่มวิชาภาษาอังกฤษ,3(3-0-6)
03601211-60,"Electric Circuit Analysis I 
การวิเคราะห์วงจรไฟฟ้า I",3(3-0-6)
03601212-60,"Electric Circuit Analysis II 
การวิเคราะห์วงจรไฟฟ้า II",3(3-0-6)
03601213-60,"Electric Circuit Laboratory 
ปฏิบัติการวงจรไฟฟ้า",1(0-3-2)
03601214-60,"Applied Linear Algebra in Electrical Engineering 
พีชคณิตเชิงเส้นประยุกต์ทางวิศวกรรมไฟฟ้า",3(3-0-6)
03601215-60,"Applied Probability for Electrical Engineers 
ความน่าจะเป็นประยุกต์สำหรับวิศวกรไฟฟ้า",3(3-0-6)
03601231-60,"Electronic Circuits and Systems I 
วงจรและระบบอิเล็กทรอนิกส์ I",3(3-0-6)
03601232-60,"Digital Circuits and Logic Design 
การออกแบบวงจรดิจิทัลและตรรกะ",3(3-0-6)
03601251-60,"Electromechanical Energy Conversion I 
การแปลงผันพลังงานเครื่องกลไฟฟา I",3(3-0-6)
03601252-60,"Electromechanical Energy Conversion Laboratory I 
ปฏิบัติการการแปลงผันพลังงานเครื่องกลไฟฟา I",1(0-3-2)
03601271-60,"Practice in Electrical Engineering 
การปฏิบัติงานทางวิศวกรรมไฟฟ้า",1(0-3-2)
03601311-60,"Signals and Systems 
สูญญาณและระบบ",3(3-0-6)
03601331-60,"Electronics Laboratory 
ปฏิบัติการอิเล็กทรอนิกส์",1(0-3-2)
03601332-60,"Microprocessors 
ไมโครโพรเซสเซอร์",3(3-0-6)
03601341-60,"Electromagnetic Fields and Waves I 
สนามแม่เหล็กไฟฟ้าและคลื่น I",3(3-0-6)
03601361-60,"Electrical Instruments and Measurements I 
เครื่องมือวัดและการวัดทางไฟฟ้า I",3(3-0-6)
03601362-60,"Linear Control Systems 
ระบบควบคุมเชิงเส้น",3(3-0-6)
03601371-60,"Internship Preparation 
การเตรียมความพร้อมก่อนฝึกงาน",1(0-3-2)
03601495-60,"Electrical and Electronics Engineering Project I 
โครงงานวิศวกรรมไฟฟ้าและอิเล็กทรอนิกส์ I",1(0-3-2)
03601497-60,"Seminar 
สัมมนา",1
03601499-60,"Electrical and Electronics Engineering Project II 
โครงงานวิศวกรรมไฟฟ้าและอิเล็กทรอนิกส์ II",2(0-6-3)
03601314-60,"Digital Signal Processing 
การประมวลสัญญาณดิจิทัล",3(3-0-6)
03601315-60,"Digital Signal Processing Laboratory 
ปฏิบัติการประมวลสัญญาณดิจิทัล",1(0-3-2)
03601321-60,"Principles of Communications 
หลักการสื่อสาร",3(3-0-6)
03601323-60,"Communication Laboratory 
ปฏิบัติการไฟฟ้าสื่สาร",1(0-3-2)
03601333-60,"Microprocessors Laboratory 
ปฏิบัติการไมโครโพรเซสเซอร์",1(0-3-2)
03601334-60,"Electronic Circuits and Systems II 
วงจรและระบบอิเล็กทรอนิกส์ II",3(3-0-6)
03601335-60,"Advanced Electronics Laboratory 
ปฏิบัติการอิเล็กทรอนิกส์ขั้นสูง",1(0-3-2)
03601351-60,"Electromechanical Energy Conversion II 
การแปลงผันพลังงานเครื่องกลไฟฟ้า II",3(3-0-6)
03601352-60,"Electromechanical Energy Conversion Laboratory II 
ปฏิบัติการการแปลงผันพลังงานเครื่องกลไฟฟ้า II",1(0-3-2)
03601353-60,"Power Systems in Buildings 
ระบบกำลังในอาคาร",3(3-0-6)
03601354-60,"Electric Power Systems Analysis I 
การวิเคราะห์ระบบไฟฟ้ากำลัง I",3(3-0-6)
03601355-60,"High-Voltage Engineering 
วิศวกรรมไฟฟ้าแรงสูง",3(3-0-6)
03601356-60,"Illumination Engineering 
วิศวกรรมการส่องสว่าง",3(3-0-6)
03601363-60,"Control and Measurement Laboratory 
ปฏิบัติการการควบคุมและการวัด",1(0-3-2)
03601364-60,"Industrial Automation Systems 
ระบบอัตโนมัติทางอุตสาหกรรม",3(3-0-6)
03601365-60,"Industrial Automation Systems Laboratory 
ปฏิบัติการระบบอัตโนมัติทางอุตสาหกรรม",1(0-3-2)
03601372-60,"Volunteer Electrical Engineer for Social Development 
วิศวกรไฟฟ้าอาสาสําหรับการพัฒนาสังคม",3(3-0-6)
03601381-60,"Computer Programming for Electrical Engineers 
การเขียนโปรแกรมคอมพิวเตอร์สําหรับวิศวกรไฟฟ้า",3(3-0-6)
03601432-60,"Analog Integrated Circuit Application Designs 
การออกแบบประยุกต์วงจรรวมแอนะล็อก",3(3-0-6)
03601433-60,"Industrial Electronics 
อิเล็กทรอนิกส์อุตสาหกรรม",3(3-0-6)
03601451-60,"Basic Power System Reliability 
ความเชื่อถือได้เบื่องตนของระบบกำลัง",3(3-0-6)
03601452-60,"Electric Power Plants 
โรงจักรไฟฟ้ากำลัง",3(3-0-6)
03601453-60,"Electric Power Systems Analysis II 
การวิเคราะห์ระบบไฟฟ้ากำลัง II",3(3-0-6)
03601454-60,"Electric Power Systems Analysis Laboratory 
ปฏิบัติการการวิเคราะห์ระบบไฟฟ้า",1(0-3-2)
03601456-60,"Power System Protection 
การป้องกันระบบไฟฟ้ากำลัง",3(3-0-6)
03601457-60,"Electrical Systems and Signal Systems in Building 
ระบบไฟฟ้าและระบบสัญญาณในอาคาร",3(3-0-6)
03601458-60,"Electrical Power Generation, Transmission and Distribution 
การผลิต สูง และจำหน่ายกำลังไฟฟ้า",3(3-0-6)
03601459-60,Safety in Electrical Engineering,3(3-0-6)
03601461-60,"Process Control 
การควบคุมกระบวนการ",3(3-0-6)
03601462-60,"Industrial Sensors and Control Devices 
เซนเซอร์ทางอุตสาหกรรมและอุปกรณ์ควบคุม",3(3-0-6)
03601463-60,"Computer Control of Machines and Processes 
การควบคุมเครื่องจักรกลและกระบวนการด้วยคอมพิวเตอร์",3(3-0-6)
03601464-60,"Sensors and Transducers 
เซนเซอร์และตัวแปลงสัญญาณ",3(3-0-6)
03601465-60,"Electrical and Electronics Innovation 
นวัตกรรมทางไฟฟ้าและอิเล็กทรอนิกส์",3(3-0-6)
03601466-60,"Introduction to Robotic Systems 
ระบบหุ่นยนต์เบื้องต้น",3(3-0-6)
03601471-60,"Analysis and Applications of Electrical Machines 
การวิเคราะห์และประยุกต์เครื่องจักรไฟฟ้า",3(3-0-6)
03601472-60,"Electric Drives 
การขับเคลื่อนด้วยไฟฟ้า",3(3-0-6)
03601473-60,"Power Electronics 
อิเล็กทรอนิกส์กำลัง",3(3-0-6)
03601474-60,"Power Electronics Laboratory 
ปฏิบัติการอิเล็กทรอนิกส์กำลัง",1(0-3-2)
03601475-60,"Power Electronics for Energy Conservation 
อิเล็กทรอนิกส์กำลังสำหรับการอนุรักษ์พลังงาน",3(3-0-6)
03601476-60,"Distributed Generation Systems 
ระบบผลิตไฟฟ้าจำหน่าย",3(3-0-6)
03601477-60,"Renewable Energy 
พลังงานหมุนเวียน",3(3-0-6)
03601478-60,"Energy Conservation and Management 
การอนุรักษ์และการจัดการพลังงาน",3(3-0-6)
03601479-60,"Electric Vehicle Systems 
ระบบยานยนต์ไฟฟ้า",3(3-0-6)
03601482-60,"Thermal Sciences 
อุณหศาสตร์",3(3-0-6)
03600490-60,Cooperative Education,6
03601496-60,"Selected Topics in Electrical and Electronics Engineering 
เรื่องเฉพาะทางวิศวกรรมไฟฟ้าและอิเล็กทรอนิกส์",3(3-0-6)
03601498-60,"Special Problems 
ปัญหาพิเศษ",45352
01175xxx-65,กิจกรรมพลศึกษา,1(0-2-1)
01417267-65,"Engineering Mathematics III 
คณิตศาสตร์วิศวกรรม III",3(3-0-6)
03601211-65,"Electric Circuit Analysis I 
การวิเคราะห์วงจรไฟฟ้า I",3(3-0-6)
03601212-65,"Electric Circuit Analysis II 
การวิเคราะห์วงจรไฟฟ้า II",3(3-0-6)
03601213-65,"Electric Circuit Laboratory 
ปฏิบัติการวงจรไฟฟ้า",1(0-3-2)
03601214-65,"Applied Linear Algebra in Electrical Engineering 
พีชคณิตเชิงเส้นประยุกต์ทางวิศวกรรมไฟฟ้า",3(3-0-6)
03601215-65,"Applied Probability for Electrical Engineers 
ความน่าจะเป็นประยุกต์สำหรับวิศวกรไฟฟ้า",3(3-0-6)
03601221-65,"Communication Technology and Smart Grid 
เทคโนโลยีการสื่อสารและโครงข่ายไฟฟ้าอัจฉริยะ",3(3-0-6)
03601231-65,"Electronic Circuits and Systems I 
วงจรและระบบอิเล็กทรอนิกส์ I",3(3-0-6)
03601232-65,"Digital Circuits and Logic Design 
การออกแบบวงจรดิจิทัลและตรรกะ",3(3-0-6)
03601241-65,"Electromagnetic Fields and Waves 
สนามแม่เหล็กไฟฟ้าและคลื่น",3(3-0-6)
03601251-65,"Electromechanical Energy Conversion I 
การแปลงผันพลังงานเครื่องกลไฟฟา I",3(3-0-6)
03601252-65,"Electromechanical Energy Conversion Laboratory I 
ปฏิบัติการการแปลงผันพลังงานเครื่องกลไฟฟา I",1(0-3-2)
03601271-65,"Practice in Electrical Engineering 
การปฏิบัติงานทางวิศวกรรมไฟฟ้า",1(0-3-2)
03601311-65,"Signals and Systems 
สูญญาณและระบบ",3(3-0-6)
03601331-65,"Electronics Laboratory 
ปฏิบัติการอิเล็กทรอนิกส์",1(0-3-2)
03601332-65,"Microprocessors 
ไมโครโพรเซสเซอร์",3(3-0-6)
03601353-65,"Electrical System Design 
การออกแบบระบบไฟฟ้า",3(3-0-6)
03601361-65,"Electrical Instruments and Measurements I 
เครื่องมือวัดและการวัดทางไฟฟ้า I",3(3-0-6)
03601371-65,"Internship Preparation 
การเตรียมความพร้อมก่อนฝึกงาน",1(0-3-2)
03601458-65,"Electrical Power Generation, Transmission and Distribution 
การผลิต สูง และจำหน่ายกำลังไฟฟ้า",3(3-0-6)
03601459-65,Safety in Electrical Engineering,3(3-0-6)
03601473-65,"Power Electronics 
อิเล็กทรอนิกส์กำลัง",3(3-0-6)
03601477-65,"Renewable Energy 
พลังงานหมุนเวียน",3(3-0-6)
03601495-65,"Electrical and Electronics Engineering Project I 
โครงงานวิศวกรรมไฟฟ้าและอิเล็กทรอนิกส์ I",1(0-3-2)
03601497-65,"Seminar 
สัมมนา",1
03601499-65,"Electrical and Electronics Engineering Project II 
โครงงานวิศวกรรมไฟฟ้าและอิเล็กทรอนิกส์ II",2(0-6-3)
03602301-65,"Basic Principles of Production Management 
หลักพื้นฐานการจัดการผลิต",3(3-0-6)
03601314-65,"Digital Signal Processing 
การประมวลสัญญาณดิจิทัล",3(3-0-6)
03601315-65,"Digital Signal Processing Laboratory 
ปฏิบัติการประมวลสัญญาณดิจิทัล",1(0-3-2)
03601321-65,"Principles of Communications 
หลักการสื่อสาร",3(3-0-6)
03601323-65,"Communication Laboratory 
ปฏิบัติการไฟฟ้าสื่สาร",1(0-3-2)
03601333-65,"Microprocessors Laboratory 
ปฏิบัติการไมโครโพรเซสเซอร์",1(0-3-2)
03601334-65,"Electronic Circuits and Systems II 
วงจรและระบบอิเล็กทรอนิกส์ II",3(3-0-6)
03601335-65,"Advanced Electronics Laboratory 
ปฏิบัติการอิเล็กทรอนิกส์ขั้นสูง",1(0-3-2)
03601336-65,"Design and Application of Electronic Circuits 
การออกแบบและประยุกต์วงจรอิเล็กทรอนิกส์",3(3-0-6)
03601351-65,"Electromechanical Energy Conversion II 
การแปลงผันพลังงานเครื่องกลไฟฟ้า II",3(3-0-6)
03601352-65,"Electromechanical Energy Conversion Laboratory II 
ปฏิบัติการการแปลงผันพลังงานเครื่องกลไฟฟ้า II",1(0-3-2)
03601355-65,"High-Voltage Engineering 
วิศวกรรมไฟฟ้าแรงสูง",3(3-0-6)
03601356-65,"Illumination Engineering 
วิศวกรรมการส่องสว่าง",3(3-0-6)
03601357-65,"Electrical Power System 
ระบบไฟฟ้ากำลัง",3(3-0-6)
03601358-65,"High-Voltage Engineering Laboratory 
ปฏิบัติการวิศวกรรมไฟฟ้าแรงสูง",3(3-0-6)
03601363-65,"Control and Measurement Laboratory 
ปฏิบัติการการควบคุมและการวัด",1(0-3-2)
03601364-65,"Industrial Automation Systems 
ระบบอัตโนมัติทางอุตสาหกรรม",3(3-0-6)
03601365-65,"Industrial Automation Systems Laboratory 
ปฏิบัติการระบบอัตโนมัติทางอุตสาหกรรม",1(0-3-2)
03601382-65,"Application Programs for Electrical Engineers 
โปรแกรมประยุกต์สำหรับวิศวกรไฟฟ้า",3(3-0-6)
03601432-65,"Analog Integrated Circuit Application Designs 
การออกแบบประยุกต์วงจรรวมแอนะล็อก",3(3-0-6)
03601433-65,"Industrial Electronics 
อิเล็กทรอนิกส์อุตสาหกรรม",3(3-0-6)
03601434-65,"Computer Aided Electronic System Development 
การพัฒนาระบบอิเล็กทรอนิกส์โดยใช้คอมพิวเตอร์ช่วย",3(3-0-6)
03601451-65,"Basic Power System Reliability 
ความเชื่อถือได้เบื่องตนของระบบกำลัง",3(3-0-6)
03601452-65,"Electric Power Plants 
โรงจักรไฟฟ้ากำลัง",3(3-0-6)
03601454-65,"Electric Power Systems Analysis Laboratory 
ปฏิบัติการการวิเคราะห์ระบบไฟฟ้า",1(0-3-2)
03601456-65,"Power System Protection 
การป้องกันระบบไฟฟ้ากำลัง",3(3-0-6)
03601457-65,"Electrical Systems and Signal Systems in Building 
ระบบไฟฟ้าและระบบสัญญาณในอาคาร",3(3-0-6)
03601461-65,"Process Control 
การควบคุมกระบวนการ",3(3-0-6)
03601462-65,"Industrial Sensors and Control Devices 
เซนเซอร์ทางอุตสาหกรรมและอุปกรณ์ควบคุม",3(3-0-6)
03601463-65,"Computer Control of Machines and Processes 
การควบคุมเครื่องจักรกลและกระบวนการด้วยคอมพิวเตอร์",3(3-0-6)
03601464-65,"Sensors and Transducers 
เซนเซอร์และตัวแปลงสัญญาณ",3(3-0-6)
03601465-65,"ิElectrical and Electronics Innovation 
นวัตกรรมทางไฟฟ้าและอิเล็กทรอนิกส์",3(3-0-6)
03601466-65,"Introduction to Robotic Systems 
ระบบหุ่นยนต์เบื้องต้น",3(3-0-6)
03601467-65,"Railway Signaling and Control Systems 
ระบบอาณัติสัญญาณและควบคุมระบบราง",3(3-0-6)
03601471-65,"Analysis and Applications of Electrical Machines 
การวิเคราะห์และประยุกต์เครื่องจักรไฟฟ้า",3(3-0-6)
03601472-65,"Electric Drives 
การขับเคลื่อนด้วยไฟฟ้า",3(3-0-6)
03601474-65,"Power Electronics Laboratory 
ปฏิบัติการอิเล็กทรอนิกส์กำลัง",1(0-3-2)
03601475-65,"Power Electronics for Energy Conservation 
อิเล็กทรอนิกส์กำลังสำหรับการอนุรักษ์พลังงาน",3(3-0-6)
03601476-65,"Distributed Generation Systems 
ระบบผลิตไฟฟ้าจำหน่าย",3(3-0-6)
03601478-65,"Energy Conservation and Management 
การอนุรักษ์และการจัดการพลังงาน",3(3-0-6)
03601479-65,"Electric Vehicle Systems 
ระบบยานยนต์ไฟฟ้า",3(3-0-6)
03601496-65,"Selected Topics in Electrical and Electronics Engineering 
เรื่องเฉพาะทางวิศวกรรมไฟฟ้าและอิเล็กทรอนิกส์",3(3-0-6)
03601498-65,"Special Problems 
ปัญหาพิเศษ",45352
03600011-55,"Introduction to Computer Programming
การโปรแกรมคอมพิวเตอร์เบื้องต้น",3(2-3-6)
03600012-55,"Green Technology
เทคโนโลยีสีเขียว",3(3-0-6)
03600013-55,"Computer Software and Applications
คอมพิวเตอร์ซอฟต์แวร์และการประยุกต์",1(0-3-2)
01999021-55,"Thai Language for Communication
ภาษาไทยเพื่อการสื่อสาร",3(3-0-6)
01355-55,"Foundation English I
ภาษาอังกฤษ 1 (ไม่นับหน่วยกิต)",3(3-0-6)
01403114-55,"Foundation English II
ภาษาอังกฤษ 2",1(0-3-2)
01403117-55,"Foundation English III
ภาษาอังกฤษ 3",3(3-0-6)
1403114-55,"Laboratory in Fundamental of General Chemistry
ปฏิบัติการหลักมูลเคมีทั่วไป",1(0-3-2)
1403117-55,"Fundamental of General Chemistry
หลักมูลเคมีทั่วไป",3(3-0-6)
01417167-55,"Engineering Mathematics I
คณิตศาสตร์วิศวกรรม I",3(3-0-6)
01417168-55,"Engineering Mathematics II
คณิตศาสตร์วิศวกรรม II",3(3-0-6)
01417267-55,"Engineering Mathematics III
คณิตศาสตร์วิศวกรรม III",3(3-0-6)
01420111-55,"General Physics I
ฟิสิกส์ทั่วไป I",3(3-0-6)
01420112-55,"General Physics II
ฟิสิกส์ทั่วไป II",3(3-0-6)
01420113-55,"Laboratory in Physics I
ปฏิบัติการฟิสิกส์ I",1(0-3-2)
01420114-55,"Laboratory in Physics II
ปฏิบัติการฟิสิกส์ II",1(0-3-2)
03602211-55,"Materials Science for Engineers
วัสดุศาสตร์สำหรับวิศวกร",3(2-3-6)
03604111-55,"Engineering Drawing
การเขียนแบบทางวิศวกรรม",3(3-0-6)
03601201-55,"Introduction to Electrical Engineering
วิศวกรรมไฟฟ้าเบื้องต้น",3(3-0-6)
03601202-55,"Electrical Engineering Laboratory I
ปฏิบัติการวิศวกรรมไฟฟ้า I",1(0-3-2)
03602212-55,"Computer-Aided Design
การออกแบบใช้คอมพิวเตอร์ช่วย",3(2-3-6)
03602221-55,"Applied Probability and Statistics for Engineers
ความน่าจะเป็นและสถิติประยุกต์สำหรับวิศวกร",3(3-0-6)
03602222-55,"Parameter Design
การออกแบบพารามิเตอร์",3(3-0-6)
03602251-55,"Engineering Economy
เศรษฐศาสตร์วิศวกรรม",3(3-0-6)
03602311-55,"Manufacturing Processes I
กระบวนการผลิต I",3(3-0-6)
03602312-55,"Introduction to Industrial and Systems Engineering
วิศวกรรมอุตสาหการและระบบเบื้องต้น",1(0-3-2)
03602321-55,"Operations Research for Engineers I
การวิจัยการดำเนินงานสำหรับวิศวกร I",3(3-0-6)
03602322-55,"Quality Control
การควบคุมคุณภาพ",3(3-0-6)
03602341-55,"Industrial Work Study
การศึกษาการทำงานทางอุตสาหกรรม",3(3-0-6)
03602342-55,"Production Planning and Control
การวางแผนและการควบคุมการผลิต",3(3-0-6)
03602343-55,"Industrial Plant Design
การออกแบบโรงงานอุตสาหกรรม",3(3-0-6)
03602361-55,"Problems Solving Techniques for Industrial Engineering
เทคนิคการแก้ปัญหาทางวิศวกรรมอุตสาหการ",3(3-0-6)
03602362-55,"Automatic Production System
ระบบการผลิตอัตโนมัติ",4(3-3-8)
03602381-55,"Industrial Engineering Laboratory
ปฏิบัติการวิศวกรรมอุตสาหการ",1(0-3-2)
03602411-55,"Industrial Instrumentation and Measurement
วิชาการเครื่องมือวัดและการวัดทางอุตสาหกรรม",3(3-0-6)
03602452-55,"Industrial Cost Analysis
การวิเคราะห์ต้นทุนทางอุตสาหกรรม",3(3-0-6)
03602461-55,"System Engineering
วิศวกรรมระบบ",3(3-0-6)
03602471-55,"Maintenance Engineering
วิศวกรรมการซ่อมบำรุง",3(3-0-6)
03602472-55,"Industrial Safety
ความปลอดภัยในอุตสาหกรรม",3(3-0-6)
03602495-55,"Industrial and Systems Engineering Project Preparation
การเตรียมโครงงานวิศวกรรมอุตสาหการและระบบ",1(0-3-2)
03602497-55,"Seminar
สัมมนา",1
03602499-55,"Industrial and Systems Engineering Project
โครงงานวิศวกรรมอุตสาหการและระบบ",2(0-6-3)
03604201-55,"Basic Principles of Engineering Mechanics
หลักพื้นฐานทางกลศาสตร์วิศวกรรม",3(3-0-6)
03604203-55,"Introduction to Thermodynamics and Fluid Mechanics
อุณหพลศาสตร์และกลศาสตร์ของไหลเบื้องต้น",3(3-0-6)
03604281-55,"Workshop Practice
การฝึกงานโรงงาน",1(0-3-2)
03604381-55,"Mechanical Engineering Laboratory I
ปฏิบัติการวิศวกรรมเครื่องกล I",1(0-3-2)
03602323-55,"Operations Research for Engineers II
การวิจัยการดำเนินงานสำหรับวิศวกร II",3(3-0-6)
03602421-55,"Simulation
การจำลองสถานการณ์",3(3-0-6)
03602444-55,"Industrial Forecasting
การพยากรณ์ทางอุตสาหกรรม",3(3-0-6)
03602462-55,"Logistics Engineering
วิศวกรรมโลจิสติกส์",3(3-0-6)
03602412-55,"Industrial Pollution
มลพิษทางอุตสาหกรรม",3(3-0-6)
03602431-55,"Industrial Management
การจัดการวิศวกรรม",3(3-0-6)
03602432-55,"Design of Industrial Information System
การออกแบบระบบสารสนเทศทางอุตสาหกรรม",3(3-0-6)
03602442-55,"Energy Management
การจัดการพลังงาน",3(3-0-6)
03602451-55,"Industrial and Commercial Laws
กฎหมายอุตสาหกรรมและพาณิชยกรรม",3(3-0-6)
03602453-55,"Industrial Project Feasibility Study
การศึกษาความเป็นไปได้ของโครงการอุตสาหกรรม",3(3-0-6)
03602401-55,"Manufacturing Systems Engineering
วิศวกรรมระบบการผลิต",3(3-0-6)
03602414-55,"Design for Manufacturing and Assembly
การออกแบบเพื่อการผลิตและการประกอบ",3(3-0-6)
03602415-55,"Industrial Packaging
การบรรจุทางอุตสาหกรรม",3(3-0-6)
03602416-55,"Computer-Aided Design and Manufacturing
การออกแบบและผลิตใช้คอมพิวเตอร์ช่วย",3(3-0-6)
03602417-55,"Computer-aided Engineering and Manufacturing
คอมพิวเตอร์ช่วยในงานวิศวกรรมและการผลิต",3(3-0-6)
03602418-55,"Applied Image Processing for Manufacturing Process
การประมวลผลภาพเชิงประยุกต์สำหรับกระบวนการผลิต",3(3-0-6)
03602419-55,"Innovative Product Design and Manufacturing
การออกแบบและการผลิตผลิตภัณฑ์เชิงนวัตกรรม",3(3-0-6)
03602423-55,"Experimental Design for Engineers
การออกแบบแผนการทดลองสำหรับวิศวกร",3(3-0-6)
03602443-55,"Ergonomics
การยศาสตร์",3(3-0-6)
03602445-55,"Value Engineering
วิศวกรรมคุณค่า",3(3-0-6)
03602446-55,"Productivity Measurement and Management
การวัดและการจัดการผลิตภาพ",3(3-0-6)
03602496-55,"Special Problems
ปัญหาพิเศษ",45352
03602498-55,"Selected Topics in Industrial and Systems Engineering
เรื่องเฉพาะทางวิศวกรรมอุตสาหการและระบบ",45352
03600390-55,"Cooperative Education Preparation
การเตรียมความพร้อมสหกิจศึกษา",3(3-0-6)
03600490-55,"Cooperative Education
สหกิจศึกษา",6
03600014-60,"Creative Problem Solving and Critical Thinking Skills
การแก้ปัญหาเชิงสร้างสรรค์และทักษะการคิดเชิงวิพากษ์",3(3-0-6)
01999021-60,"Thai Language for Communication
ภาษาไทยเพื่อการสื่อสาร",3(3-0-6)
03600013-60,"Essential Computer Tools and Skills
เครื่องมือและทักษะทางคอมพิวเตอร์ที่จำเป็น",1(0-3-2)
03754111-60,"Fundamental English I 
ภาษาอังกฤษ 1 (ไม่นับหน่วยกิต)",3(3-0-6)
03754112-60,"Fundamental English II 
ภาษาอังกฤษ II",3(3-0-6)
03754113-60,"Fundamental English III
ภาษาอังกฤษ III",3(3-0-6)
03754xxx-60,กลุ่มวิชาภาษาอังกฤษเลือก (03754xxx),3(3-0-6)
01999111-60,"Knowledge of the Land 
ศาสตร์แห่งแผ่นดิน",2(2-0-4)
03600012-60,"Green Technology 
เทคโนโลยีสีเขียว",3(3-0-6)
01403114-60,"Laboratory in Fundamental of General Chemistry
ปฏิบัติการหลักมูลเคมีทั่วไป",1(0-3-2)
01403117-60,"Fundamental of General Chemistry 
หลักมูลเคมีทั่วไป",3(3-0-6)
01417167-60,"Engineering Mathematics I 
คณิตศาสตร์วิศวกรรม I",3(3-0-6)
01417168-60,"Engineering Mathematics II 
คณิตศาสตร์วิศวกรรม II",3(3-0-6)
01417267-60,"Engineering Mathematics III 
คณิตศาสตร์วิศวกรรม III",3(3-0-6)
01420111-60,"General Physics I 
ฟิสิกส์ทั่วไป I",3(3-0-6)
01420112-60,"General Physics II 
ฟิสิกส์ทั่วไป II",3(3-0-6)
01420113-60,"Laboratory in Physics I 
ปฏิบัติการฟิสิกส์ I",1(0-3-2)
01420114-60,"Laboratory in Physics II 
ปฏิบัติการฟิสิกส์ II",1(0-3-2)
03602211-60,"Materials Science for Engineers 
วัสดุศาสตร์สำหรับวิศวกร",3(3-0-6)
03603101-60,"Introduction to Computer Programming 
การโปรแกรมคอมพิวเตอร์เบื้องต้น",3(2-3-6)
03604111-60,"Engineering Drawing 
การเขียนแบบทางวิศวกรรม",3(2-3-6)
03601201-60,"Introduction to Electrical Engineering
วิศวกรรมไฟฟ้าเบื้องต้น",3(3-0-6)
03601202-60,"Electrical Engineering Laboratory
ปฏิบัติการวิศวกรรมไฟฟ้า",1(0-3-2)
03602212-60,"Computer-Aided Design
การออกแบบใช้คอมพิวเตอร์ช่วย",3(2-3-6)
03602221-60,"Applied Probability and Statistics for Engineers
ความน่าจะเป็นและสถิติประยุกต์สำหรับวิศวกร",3(3-0-6)
03602222-60,"Parameter Design
การออกแบบพารามิเตอร์",3(3-0-6)
03602251-60,"Engineering Economy
เศรษฐศาสตร์วิศวกรรม",3(3-0-6)
03602311-60,"Manufacturing Processes I
กระบวนการผลิต I",3(3-0-6)
03602312-60,"Introduction to Industrial and Systems Engineering
วิศวกรรมอุตสาหการและระบบเบื้องต้น",1(0-3-2)
03602321-60,"Operations Research for Engineers I
การวิจัยการดำเนินงานสำหรับวิศวกร I",3(3-0-6)
03602322-60,"Quality Control
การควบคุมคุณภาพ",3(3-0-6)
03602341-60,"Industrial Work Study
การศึกษาการทำงานทางอุตสาหกรรม",3(3-0-6)
03602342-60,"Production Planning and Control
การวางแผนและการควบคุมการผลิต",3(3-0-6)
03602343-60,"Industrial Plant Design
การออกแบบโรงงานอุตสาหกรรม",3(3-0-6)
03602361-60,"Computer Applications for Industrial Engineers
คอมพิวเตอร์ประยุกต์สำหรับวิศวกรอุตสาหการ",3(3-0-6)
03602362-60,"Automatic Production System
ระบบการผลิตอัตโนมัติ",4(3-3-8)
03602381-60,"Industrial Engineering Laboratory
ปฏิบัติการวิศวกรรมอุตสาหการ",1(0-3-2)
03602412-60,"Manufacturing System Engineering
วิศวกรรมระบบการผลิต",3(3-0-6)
03602452-60,"Industrial Cost Analysis
การวิเคราะห์ต้นทุนทางอุตสาหกรรม",3(3-0-6)
03602461-60,"Systems Engineering
วิศวกรรมระบบ",3(3-0-6)
03602471-60,"Maintenance Engineering
วิศวกรรมการซ่อมบำรุง",3(3-0-6)
03602472-60,"Industrial Safety
ความปลอดภัยในอุตสาหกรรม",3(3-0-6)
03602497-60,"Seminar
สัมมนา",1
03604201-60,"Basic Principles of Engineering Mechanics
หลักพื้นฐานทางกลศาสตร์วิศวกรรม",3(3-0-6)
03604203-60,"Introduction to Thermodynamics and Fluid Mechanics
อุณหพลศาสตร์และกลศาสตร์ของไหลเบื้องต้น",3(3-0-6)
03604281-60,"Workshop Practice
การฝึกงานโรงงาน",1(0-3-2)
03604381-60,"Mechanical Engineering Laboratory I
ปฏิบัติการวิศวกรรมเครื่องกล I",1(0-3-2)
03602495-60,"Industrial and Systems Engineering Project Preparation 
การเตรียมโครงงานวิศวกรรมอุตสาหการและระบบ",1(0-3-2)
03602499-60,"Industrial and Systems Engineering Project 
โครงงานวิศวกรรมอุตสาหการและระบบ",2(0-6-3)
03600390-60,"Cooperative Education Preparation
การเตรียมความพร้อมสหกิจศึกษา",3(3-0-6)
03602323-60,"Operations Research for Engineers II
การวิจัยการดำเนินงานสำหรับวิศวกร II",3(3-0-6)
03602411-60,"Industrial Instrumentation and Measurement
วิชาการเครื่องมือและการวัดทางอุตสาหกรรม",3(3-0-6)
03602414-60,"Design for Manufacturing and Assembly
การออกแบบเพื่อการผลิตและการประกอบ",3(3-0-6)
03602415-60,"Industrial Packaging
การบรรจุทางอุตสาหกรรม",3(3-0-6)
03602416-60,"Computer-Aided Design and Manufacturing
การออกแบบและผลิตใช้คอมพิวเตอร์ช่วย",3(2-3-6)
03602417-60,"Computer-aided Engineering and Manufacturing
คอมพิวเตอร์ช่วยในงานวิศวกรรมและการผลิต",3(3-0-6)
03602418-60,"Applied Image Processing for Manufacturing Processes
การประมวลผลภาพเชิงประยุกต์สำหรับกระบวนการผลิต",3(3-0-6)
03602419-60,"Innovative Product Design and Manufacturing
การออกแบบและการผลิตผลิตภัณฑ์เชิงนวัตกรรม",3(3-0-6)
03602421-60,"Simulation
การจำลองสถานการณ์",3(3-0-6)
03602423-60,"Experimental Design for Engineers
การออกแบบแผนการทดลองสำหรับวิศวกร",3(3-0-6)
03602431-60,"Industrial Management
การจัดการอุตสาหกรรม",3(3-0-6)
03602432-60,"Design of Industrial Information System
การออกแบบระบบสารสนเทศทางอุตสาหกรรม",3(3-0-6)
03602442-60,"Energy Management
การจัดการพลังงาน",3(3-0-6)
03602443-60,"Ergonomics
การยศาสตร์",3(3-0-6)
03602444-60,"Industrial Forecasting
การพยากรณ์ทางอุตสาหกรรม",3(3-0-6)
03602445-60,"Value Engineering
วิศวกรรมคุณค่า",3(3-0-6)
03602446-60,"Productivity Measurement and Management
การวัดและการจัดการผลิตภาพ",3(3-0-6)
03602451-60,"Industrial and Commercial Laws
กฎหมายอุตสาหกรรมและพาณิชยกรรม",3(3-0-6)
03602453-60,"Industrial Project Feasibility Study
การศึกษาความเป็นไปได้ของโครงการอุตสาหกรรม",3(3-0-6)
03602462-60,"Logistics Engineering
วิศวกรรมโลจิสติกส์",3(3-0-6)
03602496-60,"Selected Topics in Industrial and Systems Engineering
เรื่องเฉพาะทางวิศวกรรมอุตสาหการและระบบ",45352
03602498-60,"Special Problems
ปัญหาพิเศษ",45352
01999021-65,"Thai Language for Communication
ภาษาไทยเพื่อการสื่อสาร",3(3-0-6)
01355101-65,"English for Everyday Life
ภาษาอังกฤษในชีวิตประจำวัน",3(3-0-6)
01355102-65,"English for University Life
ภาษาอังกฤษในมหาวิทยาลัย",3(3-0-6)
01355103-65,"English for Job Opportunities
ภาษาอังกฤษเพื่อโอกาสในการทำงาน",3(3-0-6)
03754xxx-65,กลุ่มวิชาภาษาอังกฤษเลือก (03754xxx),3(3-0-6)
01999111-65,"Knowledge of the Land
ศาสตร์แห่งแผ่นดิน",2(2-0-4)
01403114-65,"Laboratory in Fundamental of General Chemistry
ปฏิบัติการหลักมูลเคมีทั่วไป",1(0-3-2)
01403117-65,"Fundamental of General Chemistry
หลักมูลเคมีทั่วไป",3(3-0-6)
01417167-65,"Engineering Mathematics I
คณิตศาสตร์วิศวกรรม I",3(3-0-6)
01417168-65,"Engineering Mathematics II
คณิตศาสตร์วิศวกรรม II",3(3-0-6)
01420111-65,"General Physics I
ฟิสิกส์ทั่วไป I",3(3-0-6)
01420112-65,"General Physics II
ฟิสิกส์ทั่วไป II",3(3-0-6)
01420113-65,"Laboratory in Physics I
ปฏิบัติการฟิสิกส์ I",1(0-3-2)
01420114-65,"Laboratory in Physics II
ปฏิบัติการฟิสิกส์ II",1(0-3-2)
03602211-65,"Materials Science for Engineers
วัสดุศาสตร์สำหรับวิศวกร",3(3-0-6)
03603101-65,"Introduction to Computer Programming
การโปรแกรมคอมพิวเตอร์เบื้องต้น",3(2-3-6)
03604111-65,"Engineering Drawing
การเขียนแบบทางวิศวกรรม",3(2-3-6)
03601201-65,"Introduction to Electrical Engineering
วิศวกรรมไฟฟ้าเบื้องต้น",3(3-0-6)
03601202-65,"Electrical Engineering Laboratory
ปฏิบัติการวิศวกรรมไฟฟ้า",1(0-3-2)
03602212-65,"Computer-Aided Design
การออกแบบใช้คอมพิวเตอร์ช่วย",3(2-3-6)
03602221-65,"Applied Probability and Statistics for Engineers
ความน่าจะเป็นและสถิติประยุกต์สำหรับวิศวกร",3(3-0-6)
03602222-65,"Engineering Experimental Design
การออกแบบการทดลองเชิงวิศวกรรม",3(3-0-6)
03602223-65,"Introduction to Computation and Intelligent Systems
การคำนวณและระบบอัจฉริยะเบื้องต้น",3(3-0-6)
03602251-65,"Engineering Economy
เศรษฐศาสตร์วิศวกรรม",3(3-0-6)
03602311-65,"Manufacturing Processes I
กระบวนการผลิต I",3(3-0-6)
03602312-65,"Introduction to Industrial and Systems Engineering
วิศวกรรมอุตสาหการและระบบเบื้องต้น",1(0-3-2)
03602321-65,"Operations Research for Engineers I
การวิจัยการดำเนินงานสำหรับวิศวกร I",3(3-0-6)
03602322-65,"Quality Control
การควบคุมคุณภาพ",3(3-0-6)
03602331-65,"Industrial Safety
ความปลอดภัยในอุตสาหกรรม",3(3-0-6)
03602341-65,"Industrial Work Study
การศึกษาการทำงานทางอุตสาหกรรม",3(3-0-6)
03602342-65,"Production Planning and Control
การวางแผนและการควบคุมการผลิต",3(3-0-6)
03602343-65,"Industrial Plant and Facilities Design
การออกแบบโรงงานอุตสหากรรมและสิ่งอำนวยความสะดวก",3(3-0-6)
03602351-65,"Industrial Cost Analysis
การวิเคราะห์ต้นทุนทางอุตสาหกรรม",3(3-0-6)
03602361-65,"Computer Applications for Industrial Engineers
คอมพิวเตอร์ประยุกต์สำหรับวิศวกรอุตสาหการ",3(3-0-6)
03602362-65,"Automatic Production System
ระบบการผลิตอัตโนมัติ",4(3-3-8)
03602421-65,"Simulation
การจำลองสถานการณ์",3(3-0-6)
03602433-65,"Maintenance Engineering
วิศวกรรมการซ่อมบำรุง",3(3-0-6)
03602461-65,"Systems Engineering
วิศวกรรมระบบ",3(3-0-6)
03602481-65,"Industrial Engineering Laboratory
ปฏิบัติการวิศวกรรมอุตสาหการ",1(0-3-2)
03602495-65,"Industrial and Systems Engineering Project Preparation
การเตรียมโครงงานวิศวกรรมอุตสาหการและระบบ",1(0-3-2)
03602499-65,"Industrial and Systems Engineering Project
โครงงานวิศวกรรมอุตสาหการและระบบ",2(0-6-3)
03604203-65,"Introduction to Thermodynamics and Fluid Mechanics
อุณหพลศาสตร์และกลศาสตร์ของไหลเบื้องต้น",3(3-0-6)
03604223-65,"Basic Principles of Engineering Mechanics
หลักพื้นฐานทางกลศาสตร์ของไหลเบื้องต้น",3(3-0-6)
03604281-65,"Workshop Practice
การฝึกงานโรงงาน",1(0-3-2)
03604381-65,"Mechanical Engineering Laboratory I
ปฏิบัติการวิศวกรรมเครื่องกล I",1(0-3-2)
03600490-65,"Cooperative Education
สหกิจศึกษา",6
03600390-65,"Cooperative Education Preparation
การเตรียมความพร้อมสหกิจศึกษา",3(3-0-6)
03602323-65,"Operations Research for Engineers II
การวิจัยการดำเนินงานสำหรับวิศวกร II",3(3-0-6)
03602412-65,"Manufacturing System Engineering
วิศวกรรมระบบการผลิต",3(3-0-6)
03602413-65,"Industrial Packaging
การบรรจุภัณฑ์ทางอุตสาหกรรม",3(3-0-6)
03602414-65,"Computer-Aided Design and Manufacturing
การออกแบบและผลิตใช้คอมพิวเตอร์ช่วย",3(2-3-6)
03602415-65,"Computer-Aided Engineering and Manufacturing
คอมพิวเตอร์ช่วนในงานวิศวกรรมและการผลิต",3(2-3-6)
03602416-65,"Applied Image Processing for Manufacturing Processes
การประมวลผลภาพเชิงประยุกต์สำหรับกระบวนการผลิต",3(3-0-6)
03602417-65,"Innovative Product Design and Manufacturing
การออกแบบและการผลิตภัณฑ์เชิงนวัตกรรม",3(3-0-6)
03602418-65,"Application of Industrial Internet of Things in Manufacturing Systems
การประยุกต์อินเตอร์เน็ตสรรพสิ่งสำหรับอุตสาหกรรมในระบบการผลิต",3(3-0-6)
03602422-65,"Practical Operations Research
การวิจัยการดำเนินงานภาคปฏิบัติ",3(3-0-6)
03602431-65,"Innovative Industrial Management
การจัดการนวัตกรรมอุตสาหกรรม",3(3-0-6)
03602432-65,"Design of Industrial Information System
การออกแบบระบบสารสนเทศทางอุตสาหกรรม",3(3-0-6)
03602434-65,"Lean Manufacturing
การจัดการพลังงาน",3(3-0-6)
03602441-65,"Shop Floor Management
การบริหารพื้นที่ผลิต",3(3-0-6)
03602442-65,"Energy Management
การจัดการพลังงาน",3(3-0-6)
03602443-65,"Ergonomics
การยศาสตร์",3(3-0-6)
03602445-65,"Value Engineering
วิศวกรรมคุณค่า",3(3-0-6)
03602446-65,"Productivity Measurement and Management
การวัดและการจัดการผลิตภาพ",3(3-0-6)
03602451-65,"Industrial Project Feasibility Study
การศึกษาความเป็นไปได้ของโครงการอุตสาหกรรม",3(3-0-6)
03602471-65,"Logistics Engineering
วิศวกรรมโลจิสติกส์",3(3-0-6)
03602472-65,"Inventory Management and Warehouse Operations
การจัดการสินค้าคงคลังและการดำเนินงานคลังสินค้า",3(3-0-6)
03602473-65,"Strategies for Managing Supply Chains
กลยุทธ์สำหรับการจัดการโซ่อุปทาน",3(3-0-6)
03602496-65,"Selected Topics in Industrial and Systems Engineering
เรื่องเฉพาะทางวิศวกรรมอุตสาหการและระบบ",45352
03602498-65,"Special Problems
ปัญหาพิเศษ",45352
